"","Black","White","Asian","Hispanic","Latino","Unkonwn","Other","subject_age"
"1",0,1,0,0,0,0,0,"57.0"
"2",1,0,0,0,0,0,0,"U"
"3",0,1,0,0,0,0,0,"U"
"4",0,0,0,0,0,1,0,"U"
"5",0,0,0,0,0,1,0,"23.0"
"6",0,0,0,0,1,0,0,"U"
"7",1,0,0,0,0,0,0,"26.0"
"8",0,0,0,0,0,1,0,"32.0"
"9",0,0,0,0,0,1,0,"U"
"10",0,0,0,0,0,1,0,"U"
"11",0,0,0,0,2,0,0,"U"
"12",0,0,1,0,0,0,0,"U"
"13",1,0,0,0,0,0,0,"34.0"
"14",0,0,0,0,0,1,0,"U"
"15",0,0,0,0,0,1,0,"U"
"16",1,0,0,0,0,0,0,"25.0"
"17",1,0,0,0,0,0,0,"U"
"18",0,0,0,0,0,1,0,"U"
"19",0,1,0,0,0,0,0,"32.0"
"20",1,0,0,0,0,0,0,"10.0"
"21",0,1,0,0,0,0,0,"U"
"22",0,0,0,0,0,1,0,"U"
"23",0,0,0,1,0,0,0,"34.0"
"24",0,0,0,0,0,1,0,"U"
"25",0,1,0,0,0,0,0,"U"
"26",1,0,0,0,0,0,0,"30.0"
"27",0,0,0,0,0,1,0,"U"
"28",1,0,0,0,0,0,0,"16.0"
"29",0,1,0,0,0,0,0,"44.0"
"30",0,1,0,0,0,0,0,"U"
"31",0,1,0,0,0,0,0,"U"
"32",0,0,0,0,0,1,0,"U"
"33",0,0,0,0,0,1,0,"U"
"34",0,0,0,0,0,1,0,"50.0"
"35",0,1,0,0,0,0,0,"10.0"
"36",0,0,0,1,0,0,0,"U"
"37",1,0,0,0,1,0,0,"10.0"
"38",1,0,0,0,0,0,0,"27.0"
"39",1,0,0,0,1,0,0,"U"
"40",0,1,0,1,0,0,0,"U"
"41",0,0,0,0,0,1,0,"U"
"42",0,0,0,0,0,1,0,"U"
"43",0,1,0,0,0,0,0,"25.0"
"44",0,0,0,1,0,0,0,"U"
"45",0,1,0,0,0,0,0,"24.0"
"46",0,0,0,1,0,0,0,"60.0"
"47",1,0,0,0,0,0,0,"U"
"48",0,0,0,0,0,1,0,"U"
"49",0,0,0,0,0,1,0,"35.0"
"50",0,0,0,0,1,0,0,"U"
"51",0,7,0,0,1,0,0,"31.0"
"52",0,0,0,0,0,1,0,"18.0"
"53",0,0,0,0,0,1,0,"U"
"54",1,0,0,0,0,0,0,"U"
"55",0,0,0,0,0,1,0,"48.0"
"56",0,0,0,0,0,1,0,"U"
"57",0,0,0,0,0,1,0,"24.0"
"58",0,0,0,0,0,1,0,"U"
"59",0,0,0,0,0,1,0,"40.0"
"60",0,0,0,0,0,1,0,"24.0"
"61",0,0,0,1,0,0,0,"U"
"62",0,0,0,0,0,1,0,"28.0"
"63",0,1,0,0,0,0,0,"39.0"
"64",1,1,0,0,3,0,0,"U"
"65",0,0,0,0,1,0,0,"28.0"
"66",0,0,0,0,0,1,0,"U"
"67",0,1,0,0,0,0,0,"U"
"68",0,1,0,0,0,0,0,"26.0"
"69",0,1,0,0,0,0,0,"36.0"
"70",0,1,0,1,0,0,0,"18.0"
"71",0,0,0,0,0,1,0,"20.0"
"72",0,1,0,0,0,0,0,"32.0"
"73",0,1,0,0,0,0,0,"25.0"
"74",1,0,0,0,0,0,0,"25.0"
"75",1,0,0,0,0,0,0,"18.0"
"76",0,1,0,0,0,0,0,"19.0"
"77",0,0,0,0,0,1,0,"U"
"78",0,0,0,0,0,1,0,"U"
"79",0,1,0,0,0,0,0,"25.0"
"80",0,0,0,0,1,0,0,"25.0"
"81",0,0,0,0,0,1,0,"57.0"
"82",0,0,0,0,0,1,0,"U"
"83",1,0,0,0,0,0,0,"U"
"84",1,1,0,1,0,0,0,"U"
"85",0,0,0,1,0,0,0,"U"
"86",0,0,0,0,0,1,0,"U"
"87",0,0,0,0,0,1,0,"U"
"88",1,0,0,0,0,0,0,"U"
"89",0,1,0,0,0,0,0,"49.0"
"90",0,0,0,0,1,0,0,"U"
"91",0,1,0,0,0,0,0,"42.0"
"92",0,0,0,0,0,1,0,"45.0"
"93",0,1,0,0,0,0,0,"U"
"94",0,0,0,0,0,1,0,"U"
"95",0,0,0,0,0,1,0,"21.0"
"96",0,0,0,0,0,1,0,"U"
"97",1,0,0,0,0,0,0,"15.0"
"98",0,0,0,1,0,0,0,"U"
"99",0,0,0,0,0,1,0,"U"
"100",0,0,0,1,0,0,0,"29.0"
"101",0,1,0,0,0,0,0,"U"
"102",0,0,0,0,0,1,0,"U"
"103",0,0,0,1,0,0,0,"U"
"104",0,0,0,0,0,1,0,"23.0"
"105",0,0,0,0,0,1,0,"U"
"106",0,1,0,0,0,0,0,"10.0"
"107",0,0,0,0,0,1,0,"U"
"108",0,0,0,0,0,1,0,"U"
"109",1,0,0,0,0,0,0,"U"
"110",0,1,0,0,0,0,0,"25.0"
"111",0,1,0,0,0,0,0,"U"
"112",0,0,1,0,0,0,0,"25.0"
"113",0,5,0,0,2,0,0,"U"
"114",0,1,0,0,0,0,0,"32.0"
"115",0,0,0,0,2,0,0,"25.0"
"116",0,0,0,0,0,1,0,"22.0"
"117",0,0,0,1,0,0,0,"28.0"
"118",0,1,0,0,0,0,0,"30.0"
"119",0,0,0,0,1,0,0,"32.0"
"120",0,0,0,1,0,0,0,"35.0"
"121",0,0,0,0,0,1,0,"19.0"
"122",0,0,0,0,0,1,0,"24.0"
"123",0,0,0,0,0,1,0,"U"
"124",0,0,0,1,0,0,0,"U"
"125",0,0,0,0,0,1,0,"U"
"126",0,0,0,0,0,1,0,"20.0"
"127",0,1,0,0,0,0,0,"22.0"
"128",0,0,0,0,1,0,0,"32.0"
"129",0,0,0,1,0,0,0,"U"
"130",0,1,0,0,0,0,0,"30-39"
"131",1,0,0,0,0,0,0,"17.0"
"132",0,0,0,0,0,1,0,"U"
"133",0,0,0,0,0,1,0,"U"
"134",0,0,0,0,0,1,0,"69.0"
"135",0,0,0,0,0,1,0,"U"
"136",0,1,0,0,0,0,0,"23.0"
"137",0,0,0,0,0,1,0,"22.0"
"138",0,0,0,0,0,1,0,"U"
"139",0,0,0,0,0,1,0,"33.0"
"140",0,0,0,0,0,1,0,"22.0"
"141",0,1,0,0,0,0,0,"10.0"
"142",0,0,0,0,0,1,0,"U"
"143",0,1,0,0,0,0,0,"U"
"144",0,0,0,0,0,1,0,"47.0"
"145",0,1,0,0,0,0,0,"26.0"
"146",0,1,0,0,0,0,0,"U"
"147",0,1,0,0,0,0,0,"34.0"
"148",0,0,0,0,0,1,0,"U"
"149",0,1,0,0,0,0,0,"27.0"
"150",1,3,1,4,0,0,0,"U"
"151",0,0,0,0,0,1,0,"U"
"152",0,1,0,0,0,0,0,"U"
"153",0,1,0,0,0,0,0,"U"
"154",0,0,0,1,0,0,0,"U"
"155",1,0,0,0,0,0,0,"36.0"
"156",0,1,0,0,0,0,0,"U"
"157",0,1,0,0,0,0,0,"57.0"
"158",0,0,0,0,1,0,0,"22.0"
"159",0,1,0,0,0,0,0,"28.0"
"160",0,1,0,0,0,0,0,"18.0"
"161",0,1,0,0,2,0,0,"25.0"
"162",1,9,2,3,0,0,0,"U"
"163",0,1,0,0,0,0,0,"U"
"164",1,0,0,0,0,0,0,"U"
"165",0,0,0,0,0,1,0,"U"
"166",0,1,0,0,0,0,0,"30.0"
"167",0,0,0,0,0,1,0,"U"
"168",1,0,0,0,0,0,0,"54.0"
"169",0,0,0,0,0,1,0,"U"
"170",1,0,0,0,0,0,0,"18.0"
"171",0,0,0,0,0,1,0,"U"
"172",0,2,0,0,0,3,0,"57.0"
"173",0,1,0,0,0,0,0,"U"
"174",0,0,0,0,0,1,0,"U"
"175",0,0,0,0,0,1,0,"U"
"176",1,1,0,0,3,0,0,"U"
"177",1,0,0,0,0,0,0,"U"
"178",0,0,0,0,0,1,0,"20.0"
"179",0,0,0,0,0,1,0,"40.0"
"180",0,1,0,0,0,0,0,"18.0"
"181",0,1,0,0,0,0,0,"28.0"
"182",0,1,0,0,0,0,0,"U"
"183",0,1,0,0,0,0,0,"25.0"
"184",0,0,0,0,0,1,0,"U"
"185",0,1,0,0,0,0,0,"28.0"
"186",1,0,0,0,0,0,0,"U"
"187",1,0,0,0,0,0,0,"51.0"
"188",0,1,0,0,0,0,0,"30.0"
"189",0,1,0,0,0,0,0,"33.0"
"190",0,1,0,0,0,0,0,"U"
"191",1,0,0,0,0,0,0,"U"
"192",0,1,0,0,0,0,0,"10.0"
"193",0,0,0,0,0,1,0,"32.0"
"194",0,0,0,0,1,0,0,"30.0"
"195",1,0,0,0,0,0,0,"30-39"
"196",0,0,1,0,0,0,0,"10.0"
"197",1,0,0,0,0,0,0,"19.0"
"198",0,0,0,1,0,0,0,"15.0"
"199",0,0,0,1,0,0,0,"U"
"200",0,0,0,0,0,1,0,"U"
"201",0,0,0,0,0,1,0,"U"
"202",0,0,0,0,0,1,0,"17.0"
"203",0,0,0,0,0,1,0,"U"
"204",0,0,0,0,1,0,0,"U"
"205",0,0,0,0,1,0,0,"25.0"
"206",1,1,0,1,0,0,0,"57.0"
"207",3,1,0,0,0,0,0,"30-39"
"208",0,0,0,0,1,0,0,"U"
"209",0,1,0,0,0,0,0,"20.0"
"210",0,1,0,0,0,0,0,"32.0"
"211",1,0,0,0,0,0,0,"25.0"
"212",0,1,0,1,0,0,0,"26.0"
"213",0,0,0,0,1,0,0,"23.0"
"214",1,0,0,0,0,0,0,"U"
"215",0,0,0,0,0,1,0,"U"
"216",0,1,0,0,0,0,0,"U"
"217",0,1,0,0,0,0,0,"36.0"
"218",0,0,0,1,0,0,0,"U"
"219",0,1,0,0,0,0,0,"20.0"
"220",0,0,0,0,0,1,0,"U"
"221",0,0,0,0,0,1,0,"38.0"
"222",0,0,0,0,1,0,0,"U"
"223",0,0,0,0,0,1,0,"U"
"224",0,0,0,0,1,0,0,"U"
"225",0,0,0,0,0,1,0,"42.0"
"226",0,1,0,0,0,0,0,"19.0"
"227",0,0,0,0,0,1,0,"U"
"228",0,0,0,0,0,1,0,"U"
"229",0,0,1,0,0,0,0,"26.0"
"230",0,1,0,0,0,0,0,"U"
"231",0,0,0,0,2,0,0,"28.0"
"232",0,1,0,0,0,0,0,"U"
"233",0,1,0,0,0,0,0,"26.0"
"234",0,0,0,0,0,1,0,"27.0"
"235",0,0,0,1,0,0,0,"26.0"
"236",0,0,0,0,0,1,0,"20.0"
"237",0,0,0,1,0,0,0,"U"
"238",0,1,0,0,0,0,0,"49.0"
"239",0,1,0,0,0,0,0,"48.0"
"240",1,0,0,1,0,0,0,"U"
"241",0,0,0,0,0,1,0,"17.0"
"242",0,0,0,0,0,1,0,"34.0"
"243",1,0,0,0,0,0,0,"69.0"
"244",0,0,0,1,0,0,0,"U"
"245",0,0,0,0,1,0,0,"38.0"
"246",1,0,0,0,0,0,0,"U"
"247",0,0,0,0,0,1,0,"U"
"248",0,0,0,0,1,0,0,"30-39"
"249",0,1,0,0,0,0,0,"15.0"
"250",0,0,0,1,0,0,0,"20.0"
"251",0,1,0,0,0,0,0,"U"
"252",0,1,0,0,0,0,0,"27.0"
"253",0,1,0,0,0,0,0,"28.0"
"254",0,0,0,0,0,1,0,"U"
"255",0,0,0,0,0,1,0,"U"
"256",0,1,0,0,0,0,0,"34.0"
"257",0,0,0,0,0,1,0,"U"
"258",0,1,0,0,0,0,0,"33.0"
"259",0,0,1,0,0,0,0,"U"
"260",0,0,0,1,0,0,0,"U"
"261",0,1,0,1,0,0,0,"U"
"262",0,0,1,0,0,0,0,"U"
"263",1,0,0,0,0,0,0,"U"
"264",0,0,0,0,0,1,0,"U"
"265",0,0,0,0,0,1,0,"U"
"266",0,0,0,0,0,1,0,"U"
"267",0,0,0,0,0,1,0,"U"
"268",0,0,0,0,0,1,0,"U"
"269",0,0,0,0,0,1,0,"U"
"270",0,1,0,0,0,0,0,"15.0"
"271",0,0,0,0,1,0,0,"U"
"272",0,1,0,0,0,0,0,"U"
"273",0,0,0,0,0,1,0,"25.0"
"274",0,1,0,0,0,0,0,"U"
"275",0,1,0,0,0,0,0,"U"
"276",0,1,0,0,0,0,0,"U"
"277",0,1,0,0,0,0,0,"36.0"
"278",0,1,0,0,0,0,0,"23.0"
"279",0,1,0,0,0,0,0,"30.0"
"280",0,0,0,0,0,1,0,"U"
"281",0,1,0,0,0,0,0,"23.0"
"282",0,0,0,0,0,1,0,"U"
"283",0,0,0,0,1,0,0,"31.0"
"284",0,0,0,0,0,1,0,"44.0"
"285",0,0,0,0,0,1,0,"50.0"
"286",0,0,0,0,0,1,0,"U"
"287",0,0,0,0,0,1,0,"17.0"
"288",0,1,0,0,0,0,0,"21.0"
"289",0,1,0,0,0,0,0,"U"
"290",0,0,0,0,0,1,0,"U"
"291",0,0,0,0,0,1,0,"U"
"292",0,0,1,0,1,0,0,"U"
"293",0,0,0,0,0,1,0,"U"
"294",0,1,0,0,0,0,0,"30.0"
"295",1,0,0,0,0,0,0,"U"
"296",3,3,0,0,0,0,0,"U"
"297",0,0,0,0,0,1,0,"U"
"298",0,0,0,0,0,1,0,"35.0"
"299",0,0,0,0,0,1,0,"44.0"
"300",0,0,0,0,0,1,0,"U"
"301",0,0,0,0,0,1,0,"31.0"
"302",0,1,0,0,0,0,0,"20.0"
"303",0,0,0,0,1,0,0,"22.0"
"304",0,0,0,0,0,1,0,"U"
"305",0,0,0,0,0,1,0,"U"
"306",0,1,0,0,0,0,0,"50.0"
"307",0,0,0,0,0,1,0,"18.0"
"308",1,1,0,0,0,0,0,"U"
"309",0,1,0,0,0,0,0,"U"
"310",1,0,0,0,0,0,0,"30-39"
"311",0,1,0,0,0,0,0,"U"
"312",0,1,0,0,0,0,0,"16.0"
"313",0,1,0,0,0,0,0,"U"
"314",0,0,0,0,0,1,0,"45.0"
"315",0,1,0,0,0,0,0,"36.0"
"316",0,0,0,0,0,1,0,"U"
"317",0,1,0,1,0,0,0,"U"
"318",0,0,0,1,0,0,0,"22.0"
"319",0,1,0,1,0,0,0,"U"
"320",0,0,0,1,0,1,0,"21.0"
"321",0,1,0,0,0,0,0,"30.0"
"322",0,0,1,0,1,0,0,"U"
"323",0,0,0,0,0,1,0,"U"
"324",1,1,1,0,0,0,0,"35.0"
"325",0,1,0,0,0,0,0,"U"
"326",0,1,0,0,1,0,0,"25.0"
"327",0,1,0,0,0,0,0,"U"
"328",1,0,0,0,0,0,0,"U"
"329",0,0,0,0,1,0,0,"U"
"330",0,0,0,0,0,1,0,"U"
"331",0,0,1,0,0,0,0,"U"
"332",1,0,0,0,0,0,0,"U"
"333",0,0,0,0,0,1,0,"U"
"334",1,0,1,0,0,0,0,"U"
"335",1,0,0,0,0,0,0,"U"
"336",1,0,0,0,0,0,0,"33.0"
"337",0,0,0,0,0,1,0,"U"
"338",0,0,0,0,0,1,0,"U"
"339",0,0,0,0,0,1,0,"30.0"
"340",0,1,0,0,0,0,0,"35.0"
"341",0,0,0,0,0,1,0,"U"
"342",0,1,0,0,0,0,0,"73.0"
"343",0,0,0,0,0,1,0,"40.0"
"344",0,1,0,0,0,0,0,"45.0"
"345",0,0,0,0,0,1,0,"40.0"
"346",0,1,0,0,0,0,0,"62.0"
"347",0,1,1,0,0,0,0,"U"
"348",0,0,0,0,0,1,0,"U"
"349",0,1,0,0,0,0,0,"U"
"350",1,1,0,0,0,0,0,"U"
"351",0,1,0,0,0,0,0,"27.0"
"352",0,0,0,0,0,1,0,"U"
"353",0,1,0,0,0,0,0,"21.0"
"354",1,0,0,0,0,0,0,"24.0"
"355",1,4,0,4,0,1,0,"U"
"356",0,0,0,0,0,1,0,"U"
"357",0,0,0,1,0,0,0,"U"
"358",0,0,0,0,0,1,0,"U"
"359",0,1,0,0,0,0,0,"U"
"360",0,0,1,0,0,0,0,"10.0"
"361",0,1,0,1,0,0,0,"32.0"
"362",0,0,0,0,0,1,0,"32.0"
"363",0,0,0,0,0,1,0,"U"
"364",0,0,0,1,0,0,0,"U"
"365",0,1,0,0,0,0,0,"25.0"
"366",0,0,0,0,0,1,0,"U"
"367",0,0,0,0,0,1,0,"46.0"
"368",0,0,0,0,0,1,0,"19.0"
"369",0,1,0,0,0,0,0,"17.0"
"370",1,0,0,0,0,0,0,"25.0"
"371",0,1,0,0,0,0,0,"40.0"
"372",0,1,0,0,0,0,0,"U"
"373",0,1,0,0,0,0,0,"41.0"
"374",0,0,0,0,1,0,0,"U"
"375",0,1,0,0,0,0,0,"26.0"
"376",0,1,0,0,0,0,0,"U"
"377",0,1,0,0,0,0,0,"25.0"
"378",0,0,0,1,0,0,0,"U"
"379",0,0,0,0,0,0,1,"U"
"380",0,1,0,0,0,0,0,"28.0"
"381",0,0,0,0,0,1,0,"U"
"382",0,0,0,0,0,1,0,"U"
"383",0,0,0,0,0,1,0,"26.0"
"384",0,1,0,0,0,0,0,"U"
"385",0,0,1,0,0,0,0,"U"
"386",0,1,0,0,0,0,0,"U"
"387",0,0,0,0,0,1,0,"U"
"388",0,0,0,0,0,1,0,"45.0"
"389",0,1,0,0,0,0,0,"19.0"
"390",0,0,0,1,0,0,0,"22.0"
"391",0,0,0,0,0,1,0,"51.0"
"392",1,1,0,0,0,0,0,"U"
"393",0,1,0,0,0,0,0,"19.0"
"394",0,0,0,0,0,1,0,"U"
"395",0,0,0,0,0,1,0,"52.0"
"396",1,0,0,0,0,0,0,"U"
"397",0,0,0,0,0,1,0,"U"
"398",0,1,0,0,0,0,0,"10.0"
"399",0,1,0,0,0,0,0,"20.0"
"400",0,1,0,0,0,0,0,"26.0"
"401",0,0,0,0,0,1,0,"U"
"402",0,0,0,0,0,1,0,"U"
"403",0,1,0,0,0,0,0,"33.0"
"404",0,1,0,0,0,0,0,"55.0"
"405",0,0,0,1,0,0,0,"U"
"406",0,1,0,0,0,0,0,"29.0"
"407",0,0,0,0,0,1,0,"U"
"408",0,0,0,0,0,1,0,"36.0"
"409",1,0,0,0,0,0,0,"U"
"410",0,0,0,0,1,0,0,"U"
"411",0,1,0,0,0,0,0,"U"
"412",0,0,0,0,0,1,0,"U"
"413",0,0,0,0,0,1,0,"U"
"414",0,1,0,0,0,0,0,"40.0"
"415",0,0,0,0,1,0,0,"U"
"416",0,1,0,0,0,0,0,"U"
"417",0,0,0,0,0,1,0,"U"
"418",1,0,0,0,0,0,0,"35.0"
"419",1,1,0,0,0,0,0,"24.0"
"420",0,1,0,0,0,0,0,"51.0"
"421",1,0,0,0,0,0,0,"U"
"422",0,0,0,0,2,0,0,"U"
"423",0,1,0,0,0,0,0,"U"
"424",0,0,0,1,0,0,0,"U"
"425",0,0,0,0,0,1,0,"22.0"
"426",1,0,0,0,0,0,0,"U"
"427",0,0,0,0,0,1,0,"U"
"428",0,0,0,0,0,1,0,"U"
"429",0,0,0,0,0,1,0,"U"
"430",0,1,0,0,0,0,0,"17.0"
"431",0,0,0,0,0,1,0,"60.0"
"432",0,1,0,1,0,0,0,"23.0"
"433",0,0,0,0,0,1,0,"U"
"434",0,0,0,0,2,0,0,"U"
"435",0,0,0,0,0,1,0,"U"
"436",0,1,0,0,0,0,0,"U"
"437",0,0,0,0,0,1,0,"U"
"438",0,1,0,0,0,0,0,"62.0"
"439",0,0,0,0,0,1,0,"U"
"440",0,1,0,0,0,0,0,"33.0"
"441",0,0,0,0,1,0,0,"U"
"442",0,0,0,0,0,1,0,"U"
"443",0,1,0,0,0,0,0,"25.0"
"444",0,0,0,0,0,1,0,"U"
"445",0,1,0,0,0,0,0,"41.0"
"446",0,1,0,0,0,0,1,"18.0"
"447",0,0,0,0,0,1,0,"18.0"
"448",0,0,0,0,0,1,0,"28.0"
"449",0,0,0,0,0,1,0,"49.0"
"450",0,0,0,0,0,0,2,"U"
"451",0,0,1,0,0,0,0,"47.0"
"452",0,0,0,0,0,1,0,"U"
"453",0,0,0,0,0,1,0,"58.0"
"454",0,1,0,0,0,0,0,"21.0"
"455",1,0,0,0,0,0,0,"21.0"
"456",1,0,0,0,0,0,0,"U"
"457",0,0,0,0,0,1,0,"U"
"458",0,0,0,0,0,1,0,"U"
"459",0,1,0,0,0,0,0,"25.0"
"460",0,0,0,0,0,1,0,"U"
"461",0,1,0,3,0,0,0,"U"
"462",0,1,0,0,0,0,0,"U"
"463",0,2,0,0,1,0,0,"U"
"464",0,0,0,0,2,0,0,"U"
"465",0,2,0,3,0,0,0,"U"
"466",0,1,0,0,0,0,0,"36.0"
"467",0,0,0,0,0,1,0,"43.0"
"468",0,1,0,0,0,0,0,"31.0"
"469",0,0,0,0,0,1,0,"U"
"470",0,1,0,0,0,0,0,"U"
"471",0,1,0,0,0,0,0,"32.0"
"472",1,0,0,0,0,0,0,"19.0"
"473",0,0,0,0,0,1,0,"U"
"474",0,1,0,0,0,0,0,"40.0"
"475",0,0,0,0,1,0,0,"U"
"476",1,1,0,0,0,0,0,"U"
"477",0,0,0,0,0,0,1,"U"
"478",0,0,0,0,0,1,0,"U"
"479",0,1,0,0,0,0,0,"26.0"
"480",0,1,0,0,0,0,0,"U"
"481",1,0,0,0,0,0,0,"U"
"482",0,1,0,0,0,0,0,"32.0"
"483",0,1,0,0,0,0,0,"32.0"
"484",0,0,0,1,0,0,0,"U"
"485",1,0,0,0,0,0,0,"30.0"
"486",0,1,0,0,0,0,0,"24.0"
"487",0,1,0,0,0,0,0,"U"
"488",0,1,0,0,0,0,0,"28.0"
"489",0,1,0,0,0,0,0,"34.0"
"490",0,0,0,0,0,1,0,"U"
"491",0,0,0,1,0,0,0,"45.0"
"492",0,0,0,0,0,1,0,"35.0"
"493",0,0,0,0,0,1,0,"U"
"494",0,1,0,0,0,0,0,"U"
"495",0,0,0,0,0,1,0,"U"
"496",0,4,0,1,0,0,0,"U"
"497",1,0,0,0,0,0,0,"24.0"
"498",1,0,0,0,0,0,0,"U"
"499",0,0,0,0,0,1,0,"U"
"500",0,0,0,0,0,1,0,"22.0"
"501",0,0,0,0,0,1,0,"U"
"502",0,1,0,0,0,0,0,"U"
"503",0,1,0,0,0,0,0,"U"
"504",0,0,0,0,0,1,0,"U"
"505",1,0,0,0,0,0,0,"43.0"
"506",0,0,0,1,0,0,0,"44.0"
"507",0,0,0,0,0,1,0,"U"
"508",1,1,0,0,0,0,0,"U"
"509",0,0,0,0,0,1,0,"26.0"
"510",0,0,0,0,0,1,0,"U"
"511",0,2,1,0,0,5,0,"42.0"
"512",0,0,0,0,0,1,0,"U"
"513",0,1,0,0,0,0,0,"47.0"
"514",0,1,0,0,0,0,0,"U"
"515",0,1,0,0,0,0,0,"25.0"
"516",0,1,0,0,0,0,0,"U"
"517",0,1,0,0,1,0,0,"U"
"518",0,1,0,0,0,0,0,"45.0"
"519",0,1,0,0,0,0,0,"U"
"520",0,1,0,0,0,0,0,"41.0"
"521",0,0,0,0,0,1,0,"U"
"522",0,0,0,1,0,0,0,"34.0"
"523",0,0,0,0,0,1,0,"U"
"524",0,0,0,0,0,1,0,"38.0"
"525",1,0,0,0,0,0,0,"30.0"
"526",0,0,0,0,0,1,0,"U"
"527",0,0,0,0,0,1,0,"21.0"
"528",0,0,0,0,0,1,0,"U"
"529",0,0,0,0,0,1,0,"28.0"
"530",0,0,0,0,0,1,0,"U"
"531",0,0,0,0,0,1,0,"U"
"532",0,0,0,0,0,1,0,"U"
"533",0,0,0,0,0,1,0,"49.0"
"534",0,1,0,0,0,0,0,"U"
"535",0,0,0,0,0,1,0,"U"
"536",1,0,0,0,0,0,0,"25.0"
"537",0,0,0,0,0,1,0,"31.0"
"538",0,0,0,1,0,0,0,"U"
"539",0,0,0,0,0,1,0,"U"
"540",0,1,0,0,0,0,0,"U"
"541",0,0,0,0,0,1,0,"U"
"542",0,1,0,0,0,0,0,"U"
"543",0,0,0,0,1,0,0,"25.0"
"544",0,1,0,0,0,0,0,"58.0"
"545",1,0,0,0,0,0,0,"4.0"
"546",0,0,0,0,0,1,0,"U"
"547",0,0,0,0,0,1,0,"U"
"548",0,1,0,0,0,0,0,"67.0"
"549",0,0,0,0,0,1,0,"U"
"550",0,4,0,1,0,0,0,"U"
"551",5,1,0,0,3,0,0,"U"
"552",0,1,0,0,0,0,0,"18.0"
"553",0,0,0,0,0,1,0,"U"
"554",0,0,0,0,0,1,0,"U"
"555",0,1,0,0,0,0,0,"20.0"
"556",0,1,0,0,0,0,0,"51.0"
"557",0,1,0,0,0,0,0,"25.0"
"558",0,0,1,0,0,0,0,"53.0"
"559",0,2,0,0,1,0,0,"22.0"
"560",0,1,0,0,0,0,0,"25.0"
"561",0,0,0,0,0,1,0,"U"
"562",0,0,0,0,0,1,0,"U"
"563",0,1,0,0,0,0,0,"U"
"564",0,0,0,0,0,1,0,"U"
"565",1,0,0,0,0,0,0,"63.0"
"566",0,0,1,0,0,0,0,"25.0"
"567",0,0,0,0,0,1,0,"U"
"568",0,0,0,0,1,0,0,"55.0"
"569",0,0,0,0,0,1,0,"44.0"
"570",0,1,0,0,0,0,0,"25.0"
"571",0,0,0,0,0,1,0,"U"
"572",0,1,0,0,0,0,0,"U"
"573",0,1,0,0,0,0,0,"23.0"
"574",0,0,0,0,0,1,0,"U"
"575",0,0,0,0,0,1,0,"U"
"576",0,0,0,1,0,0,0,"U"
"577",0,3,1,0,0,0,0,"29.0"
"578",0,0,0,0,0,1,0,"U"
"579",0,0,1,1,0,0,0,"24.0"
"580",0,1,0,0,0,0,0,"U"
"581",0,0,0,0,0,1,0,"49.0"
"582",0,1,0,0,0,0,0,"24.0"
"583",0,0,0,0,0,1,0,"61.0"
"584",0,0,0,0,0,1,0,"U"
"585",0,0,0,1,0,0,0,"U"
"586",0,0,0,0,1,0,0,"U"
"587",0,0,0,0,0,1,0,"U"
"588",0,0,0,0,0,1,0,"19.0"
"589",0,1,1,0,2,0,0,"U"
"590",0,0,0,0,0,1,0,"22.0"
"591",1,0,0,0,0,0,0,"U"
"592",0,0,0,0,0,1,0,"U"
"593",0,1,0,0,0,0,0,"U"
"594",0,4,0,1,0,0,0,"U"
"595",0,1,0,0,0,0,0,"37.0"
"596",0,1,2,1,0,0,0,"25.0"
"597",0,0,0,0,0,1,0,"U"
"598",0,1,0,0,0,0,0,"25.0"
"599",0,2,0,0,1,0,0,"45.0"
"600",0,1,0,0,0,0,0,"U"
"601",0,0,0,0,0,1,0,"39.0"
"602",0,1,0,0,0,0,0,"U"
"603",0,1,0,0,0,0,0,"69.0"
"604",0,0,0,0,0,1,0,"U"
"605",0,1,0,0,0,0,0,"U"
"606",0,0,0,1,0,0,0,"U"
"607",0,0,0,0,0,1,0,"28.0"
"608",0,1,0,0,0,0,0,"U"
"609",0,1,0,0,0,0,0,"45.0"
"610",0,1,0,0,0,0,0,"U"
"611",0,1,0,1,0,0,0,"U"
"612",0,0,0,0,0,1,0,"U"
"613",0,0,0,0,0,1,0,"30.0"
"614",0,0,0,0,0,1,0,"U"
"615",0,0,0,0,1,0,0,"U"
"616",0,0,0,1,0,0,0,"U"
"617",1,0,0,0,0,0,0,"25.0"
"618",0,1,0,0,0,0,0,"61.0"
"619",0,1,0,0,0,0,0,"U"
"620",0,0,0,0,0,1,0,"U"
"621",0,0,0,0,0,1,0,"47.0"
"622",0,1,0,0,0,0,0,"33.0"
"623",0,1,0,0,0,0,0,"U"
"624",0,0,0,0,1,0,0,"24.0"
"625",1,0,0,0,0,0,0,"U"
"626",0,0,0,0,0,1,0,"U"
"627",0,1,0,0,0,0,0,"U"
"628",1,1,0,0,0,0,0,"30-39"
"629",0,1,0,0,0,0,0,"46.0"
"630",0,0,0,0,0,1,0,"26.0"
"631",0,0,0,1,0,0,0,"15.0"
"632",0,0,0,0,0,1,0,"U"
"633",0,1,0,0,0,0,0,"36.0"
"634",3,2,0,0,1,0,0,"20.0"
"635",0,1,0,0,0,0,0,"26.0"
"636",0,0,0,0,0,1,0,"27.0"
"637",0,0,0,0,0,1,0,"41.0"
"638",0,1,0,0,0,0,0,"54.0"
"639",0,1,0,0,0,0,0,"31.0"
"640",0,0,0,1,0,0,0,"U"
"641",1,0,0,0,0,0,0,"30.0"
"642",0,1,0,0,0,0,0,"39.0"
"643",0,1,0,0,0,0,0,"U"
"644",0,1,0,0,0,0,0,"U"
"645",0,1,0,0,0,0,0,"35.0"
"646",0,0,0,0,0,1,0,"U"
"647",0,2,0,0,1,0,0,"U"
"648",1,3,0,0,0,0,0,"U"
"649",0,1,0,0,0,0,0,"10.0"
"650",0,0,0,0,0,1,0,"U"
"651",0,0,0,0,0,1,0,"32.0"
"652",0,0,0,1,0,0,0,"U"
"653",0,0,0,0,0,1,0,"U"
"654",0,0,0,0,0,1,0,"U"
"655",0,1,0,0,0,0,0,"U"
"656",0,0,0,0,0,1,0,"32.0"
"657",0,0,0,0,0,1,0,"U"
"658",0,0,0,0,0,1,0,"U"
"659",0,0,0,0,0,1,0,"U"
"660",0,0,0,0,0,1,0,"41.0"
"661",0,0,0,0,0,1,0,"35.0"
"662",0,1,0,0,1,0,0,"30.0"
"663",0,0,0,0,0,1,0,"43.0"
"664",1,0,0,0,0,0,0,"U"
"665",0,0,0,0,0,1,0,"U"
"666",0,0,0,1,0,0,0,"31.0"
"667",0,1,0,0,0,0,0,"10.0"
"668",0,0,0,0,0,1,0,"U"
"669",0,1,0,0,0,0,0,"U"
"670",0,1,0,0,0,0,0,"33.0"
"671",0,0,0,0,0,1,0,"27.0"
"672",0,1,0,0,0,0,0,"21.0"
"673",0,0,0,0,0,1,0,"U"
"674",0,1,0,0,0,0,0,"30-39"
"675",0,0,0,0,0,1,0,"U"
"676",0,1,0,0,0,0,0,"U"
"677",0,0,0,0,0,1,0,"U"
"678",0,1,0,0,0,0,0,"33.0"
"679",0,1,0,0,0,0,0,"55.0"
"680",0,0,0,0,0,1,0,"U"
"681",0,0,0,0,0,1,0,"U"
"682",0,0,0,1,0,0,0,"28.0"
"683",0,0,0,0,0,1,0,"41.0"
"684",0,1,0,0,0,0,0,"U"
"685",0,0,0,0,0,1,0,"U"
"686",0,0,0,0,0,1,0,"U"
"687",0,0,0,0,0,1,0,"U"
"688",0,0,0,0,0,1,0,"17.0"
"689",0,1,0,0,0,0,0,"U"
"690",0,1,0,0,0,0,0,"25.0"
"691",0,1,0,0,0,0,0,"U"
"692",1,0,0,0,0,0,0,"30-39"
"693",0,1,0,0,0,0,0,"31.0"
"694",0,0,0,0,0,1,0,"52.0"
"695",1,1,0,0,0,0,0,"25.0"
"696",0,0,0,0,0,1,0,"U"
"697",0,1,0,0,0,0,0,"23.0"
"698",0,0,0,0,0,1,0,"U"
"699",0,0,0,0,0,1,0,"52.0"
"700",0,0,0,0,3,0,0,"22.0"
"701",0,1,0,1,0,0,0,"21.0"
"702",0,1,0,0,0,0,0,"36.0"
"703",1,0,0,0,0,0,0,"U"
"704",0,1,0,0,0,0,0,"25.0"
"705",0,0,0,0,1,0,0,"55.0"
"706",0,0,0,0,0,1,0,"U"
"707",0,0,0,0,0,1,0,"55.0"
"708",0,1,0,0,0,0,0,"25.0"
"709",0,0,1,0,0,0,0,"28.0"
"710",0,0,0,0,0,1,0,"27.0"
"711",1,0,0,0,0,0,0,"41.0"
"712",0,3,1,2,0,0,0,"37.0"
"713",0,0,0,1,0,0,0,"27.0"
"714",0,1,0,0,0,0,0,"U"
"715",0,1,0,0,0,0,0,"40.0"
"716",0,0,0,0,0,1,0,"U"
"717",0,1,0,0,0,0,0,"U"
"718",0,0,0,0,0,1,0,"U"
"719",0,1,0,0,0,0,0,"10.0"
"720",0,0,0,1,0,0,0,"21.0"
"721",0,0,0,0,0,1,0,"18.0"
"722",0,0,0,0,0,1,0,"U"
"723",0,0,0,0,0,1,0,"U"
"724",1,0,0,0,0,0,0,"32.0"
"725",1,0,0,0,0,0,0,"21.0"
"726",0,1,0,0,0,0,0,"U"
"727",0,1,0,0,0,0,0,"30-39"
"728",0,1,0,0,1,0,0,"63.0"
"729",0,0,0,0,1,0,0,"29.0"
"730",0,1,0,0,0,0,0,"47.0"
"731",0,1,0,0,0,0,0,"23.0"
"732",0,1,0,0,0,0,0,"U"
"733",0,1,0,1,0,0,0,"U"
"734",3,2,0,0,0,0,0,"U"
"735",0,0,0,0,0,1,0,"U"
"736",0,1,0,0,0,0,0,"30.0"
"737",0,0,0,0,0,1,0,"U"
"738",0,1,0,0,0,0,0,"40.0"
"739",0,0,0,1,0,0,0,"39.0"
"740",1,0,0,0,0,0,0,"U"
"741",0,0,0,0,0,1,0,"U"
"742",1,0,0,0,0,2,0,"U"
"743",0,1,0,0,0,0,0,"29.0"
"744",0,1,0,0,0,0,0,"33.0"
"745",0,2,1,0,0,0,0,"U"
"746",0,0,0,0,0,1,0,"U"
"747",0,1,0,0,1,0,0,"30-39"
"748",1,0,0,0,1,0,0,"30-39"
"749",0,1,0,0,0,0,0,"48.0"
"750",0,0,0,1,0,0,0,"U"
"751",0,0,1,0,0,0,0,"U"
"752",1,1,0,1,0,0,0,"U"
"753",0,0,0,0,0,1,0,"U"
"754",0,0,0,0,0,1,0,"U"
"755",1,0,0,0,0,0,0,"46.0"
"756",0,1,0,0,2,0,0,"30.0"
"757",0,0,0,0,0,1,0,"U"
"758",0,0,0,1,0,0,0,"U"
"759",0,1,0,0,0,0,0,"U"
"760",0,1,0,0,0,0,0,"U"
"761",0,0,0,0,0,1,0,"U"
"762",0,1,0,0,0,0,0,"53.0"
"763",0,0,0,0,0,1,0,"U"
"764",0,0,0,0,0,1,0,"47.0"
"765",0,1,0,0,0,0,0,"30-39"
"766",0,0,0,0,0,1,0,"U"
"767",0,1,0,0,0,0,0,"35.0"
"768",0,0,0,0,0,1,0,"U"
"769",0,0,0,0,0,1,0,"52.0"
"770",0,1,0,0,0,0,0,"47.0"
"771",0,0,0,1,0,0,0,"33.0"
"772",0,0,0,0,0,1,0,"U"
"773",0,0,0,0,0,1,0,"19.0"
"774",0,0,0,0,0,1,0,"U"
"775",0,0,0,0,0,1,0,"U"
"776",0,1,0,0,0,0,0,"U"
"777",0,1,0,0,0,0,0,"U"
"778",0,1,0,0,0,0,0,"29.0"
"779",0,1,0,0,0,0,0,"U"
"780",0,0,1,1,0,0,0,"U"
"781",0,1,0,0,0,0,0,"U"
"782",0,2,2,1,1,0,0,NA
"783",0,1,0,0,0,0,0,"41.0"
"784",0,0,0,1,0,0,0,"32.0"
"785",0,0,0,0,0,1,0,"U"
"786",0,1,0,0,0,0,0,"28.0"
"787",1,0,0,0,3,0,0,"24.0"
"788",0,1,0,0,0,0,0,"U"
"789",0,1,0,0,0,0,0,"21.0"
"790",0,1,0,0,0,0,0,"36.0"
"791",0,1,0,0,0,0,0,"U"
"792",0,1,0,1,0,0,0,"30.0"
"793",0,0,0,0,0,1,0,"U"
"794",1,0,0,0,0,0,0,"U"
"795",1,0,0,0,0,0,0,"U"
"796",1,0,0,0,0,0,0,"U"
"797",0,1,0,0,0,0,0,"25.0"
"798",0,0,0,0,0,1,0,"U"
"799",0,0,0,0,0,1,0,"54.0"
"800",1,0,0,0,0,0,0,"25.0"
"801",0,1,0,0,0,0,0,"U"
"802",0,0,0,0,0,1,0,"26.0"
"803",1,0,0,0,1,0,0,"30-39"
"804",0,0,0,0,0,1,0,"U"
"805",0,1,0,0,0,0,0,"U"
"806",0,1,0,3,0,0,0,"29.0"
"807",0,0,0,0,0,1,0,"28.0"
"808",0,1,0,1,0,0,0,"U"
"809",0,0,0,0,0,1,0,"U"
"810",0,0,0,0,0,1,0,"U"
"811",0,1,0,0,0,0,0,"U"
"812",0,1,0,0,0,0,0,"U"
"813",0,0,0,0,0,1,0,"U"
"814",0,0,0,0,0,1,0,"31.0"
"815",0,0,1,0,0,0,0,"20.0"
"816",0,0,0,0,0,1,0,"U"
"817",0,1,0,0,0,0,0,"25.0"
"818",1,0,0,0,0,0,0,"40.0"
"819",0,1,0,0,0,0,0,"U"
"820",0,0,0,0,0,1,0,"U"
"821",0,1,0,0,0,0,0,"35.0"
"822",0,0,0,0,0,1,0,"25.0"
"823",1,0,0,0,0,0,0,"U"
"824",1,0,0,0,0,0,0,"U"
"825",0,1,0,0,0,0,0,"27.0"
"826",0,0,0,0,0,1,0,"U"
"827",0,0,0,0,0,1,0,"U"
"828",0,1,0,0,0,0,0,"U"
"829",0,1,0,0,0,0,0,"25.0"
"830",0,1,0,0,0,0,0,"26.0"
"831",0,0,0,0,0,1,0,"27.0"
"832",0,0,0,0,0,1,0,"U"
"833",0,1,0,0,0,0,0,"U"
"834",1,0,0,0,0,0,0,"U"
"835",0,0,0,0,0,1,0,"U"
"836",0,1,0,0,0,0,0,"U"
"837",0,1,0,0,0,0,0,"31.0"
"838",0,0,0,0,0,1,0,"U"
"839",0,1,0,0,0,0,0,"U"
"840",0,0,0,1,0,0,0,"U"
"841",0,0,0,0,0,1,0,"U"
"842",0,0,0,1,0,0,0,"U"
"843",0,0,0,0,0,1,0,"U"
"844",0,1,0,0,0,0,0,"25.0"
"845",0,1,0,0,0,0,0,"31.0"
"846",0,0,0,0,0,1,0,"U"
"847",0,1,0,0,0,0,0,"18.0"
"848",0,0,0,0,0,1,0,"U"
"849",1,0,0,0,0,0,0,"U"
"850",0,0,0,0,0,1,0,"U"
"851",1,0,0,0,0,0,0,"10.0"
"852",1,0,0,0,0,0,0,"32.0"
"853",0,1,0,0,1,0,0,"U"
"854",0,1,0,0,0,0,0,"24.0"
"855",1,0,0,0,0,0,0,"19.0"
"856",0,1,0,0,0,0,0,"U"
"857",0,1,0,0,0,0,0,"U"
"858",0,0,0,0,0,1,0,"U"
"859",1,0,0,0,0,0,0,"U"
"860",0,0,0,0,0,1,0,"U"
"861",0,0,0,0,0,1,0,"U"
"862",0,0,0,0,0,1,0,"U"
"863",0,3,0,0,1,0,0,"55.0"
"864",0,1,0,0,0,0,0,"U"
"865",0,0,0,0,0,1,0,"U"
"866",0,1,0,0,1,0,0,"30-39"
"867",0,0,0,0,0,1,0,"25.0"
"868",0,0,0,1,0,0,0,"U"
"869",0,1,0,0,0,0,0,"U"
"870",1,0,0,0,0,0,0,"U"
"871",0,0,0,0,1,0,0,"U"
"872",1,0,0,1,0,0,0,"38.0"
"873",0,1,0,0,0,0,0,"34.0"
"874",0,1,0,0,0,0,1,"U"
"875",0,1,0,0,0,0,0,"U"
"876",0,0,0,0,0,1,0,"U"
"877",0,1,0,0,0,0,0,"32.0"
"878",0,0,0,1,0,0,0,"U"
"879",0,0,0,0,0,1,0,"U"
"880",0,0,0,0,0,1,0,"U"
"881",0,0,0,0,0,1,0,"U"
"882",0,0,0,0,0,1,0,"U"
"883",0,0,0,0,0,1,0,"U"
"884",0,0,0,0,0,1,0,"U"
"885",0,1,0,0,0,0,0,"48.0"
"886",0,0,0,0,0,1,0,"33.0"
"887",0,0,0,0,0,1,0,"23.0"
"888",0,0,0,0,0,1,0,"26.0"
"889",0,0,0,0,0,1,0,"U"
"890",0,0,0,0,1,0,0,"25.0"
"891",0,1,0,0,0,0,0,"57.0"
"892",0,0,0,0,0,1,0,"U"
"893",0,1,0,0,0,0,0,"25.0"
"894",0,0,0,0,1,0,0,"U"
"895",0,0,0,0,0,1,0,"U"
"896",0,0,0,0,1,0,0,"25.0"
"897",0,1,0,0,0,0,0,"U"
"898",0,0,0,0,0,1,0,"58.0"
"899",0,1,0,0,0,0,0,"U"
"900",0,1,0,0,0,0,0,"24.0"
"901",0,0,0,0,0,1,0,"50.0"
"902",0,0,0,0,0,1,0,"26.0"
"903",0,1,0,0,0,0,0,"U"
"904",0,0,0,0,0,1,0,"U"
"905",0,0,0,0,0,1,0,"U"
"906",0,0,0,0,0,1,0,"U"
"907",0,0,0,0,0,1,0,"57.0"
"908",0,1,0,0,0,0,0,"31.0"
"909",0,0,0,0,0,1,0,"28.0"
"910",0,1,0,0,0,0,0,"25.0"
"911",0,1,0,0,0,0,0,"U"
"912",1,0,0,0,0,0,0,"28.0"
"913",0,0,0,0,0,1,0,"U"
"914",0,0,0,1,0,0,0,"U"
"915",0,1,0,0,0,0,0,"66.0"
"916",0,0,0,0,0,1,0,"30.0"
"917",0,0,0,0,0,1,0,"U"
"918",0,0,0,1,0,0,0,"U"
"919",0,1,0,0,0,0,0,"26.0"
"920",0,0,0,0,0,1,0,"U"
"921",0,0,0,0,0,1,0,"U"
"922",0,0,0,1,0,0,0,"U"
"923",0,1,0,0,0,0,0,"U"
"924",0,0,0,0,0,1,0,"U"
"925",0,0,0,1,0,0,0,"35.0"
"926",0,1,0,0,0,0,0,"U"
"927",0,0,0,0,1,0,0,"U"
"928",0,0,0,1,0,0,0,"U"
"929",0,0,0,0,0,1,0,"U"
"930",0,0,0,0,0,1,0,"31.0"
"931",0,0,0,1,0,0,0,"33.0"
"932",0,0,0,0,0,1,0,"U"
"933",0,1,0,0,0,0,0,"U"
"934",0,1,0,0,0,0,0,"U"
"935",0,0,0,1,0,0,0,"37.0"
"936",0,0,0,0,0,1,0,"U"
"937",0,0,0,0,0,1,0,"U"
"938",0,0,0,0,0,1,0,"U"
"939",0,0,0,0,0,1,0,"U"
"940",0,0,0,1,0,0,0,"U"
"941",0,1,0,0,0,1,0,"27.0"
"942",0,0,0,0,0,1,0,"U"
"943",1,0,0,0,0,0,0,"19.0"
"944",0,0,0,0,1,0,0,"U"
"945",0,0,0,0,0,1,0,"U"
"946",2,0,0,0,0,9,0,"24.0"
"947",0,0,0,0,0,1,0,"U"
"948",0,1,0,0,0,0,0,"63.0"
"949",0,0,0,1,0,0,0,"25.0"
"950",0,0,0,0,0,1,0,"U"
"951",0,1,0,0,0,0,0,"24.0"
"952",0,1,0,0,0,0,0,"56.0"
"953",0,1,0,0,0,0,0,"18.0"
"954",0,0,0,0,0,1,0,"U"
"955",0,1,0,0,0,0,0,"48.0"
"956",0,1,0,0,0,0,0,"25.0"
"957",0,1,0,0,0,0,0,"U"
"958",0,0,0,0,0,1,0,"56.0"
"959",0,0,0,0,0,1,0,"U"
"960",0,1,0,0,0,2,0,"23.0"
"961",1,0,0,0,0,0,0,"U"
"962",0,0,0,0,0,1,0,"23.0"
"963",0,0,0,1,0,0,0,"U"
"964",0,1,0,0,1,0,0,"34.0"
"965",0,1,0,0,0,0,0,"69.0"
"966",0,0,0,0,0,1,0,"U"
"967",0,1,0,0,0,0,0,"U"
"968",0,1,0,0,0,0,0,"41.0"
"969",1,0,0,0,0,0,0,"25.0"
"970",3,3,0,0,0,0,0,"U"
"971",0,1,0,0,0,0,0,"U"
"972",0,0,0,0,0,1,0,"U"
"973",0,1,0,0,0,0,0,"52.0"
"974",0,1,0,0,0,0,0,"31.0"
"975",0,0,0,0,0,1,0,"40.0"
"976",0,1,0,0,0,0,0,"34.0"
"977",0,1,0,0,0,0,0,"U"
"978",1,0,0,0,0,0,0,"U"
"979",0,0,0,0,0,1,0,"U"
"980",0,0,0,1,0,0,0,"18.0"
"981",1,0,0,0,0,0,0,"10.0"
"982",1,0,0,0,0,0,0,"U"
"983",0,1,0,0,0,0,0,"U"
"984",1,1,0,0,0,0,0,"37.0"
"985",0,1,0,0,0,0,0,"33.0"
"986",0,1,0,0,0,0,0,"22.0"
"987",0,1,0,0,0,0,0,"26.0"
"988",0,1,0,0,0,0,0,"34.0"
"989",1,0,0,0,0,0,0,"U"
"990",0,1,0,0,0,0,0,"44.0"
"991",0,0,0,0,1,0,0,"33.0"
"992",1,0,0,0,0,0,0,"U"
"993",0,0,0,0,0,1,0,"U"
"994",0,0,0,0,0,1,0,"34.0"
"995",0,1,0,0,0,0,0,"U"
"996",0,0,0,0,0,1,0,"U"
"997",0,0,0,1,0,0,0,"41.0"
"998",0,0,0,1,0,0,0,"37.0"
"999",0,0,0,0,0,1,0,"U"
"1000",0,0,0,0,0,1,0,"17.0"
"1001",0,1,0,0,0,0,0,"46.0"
"1002",0,0,0,1,0,0,0,"43.0"
"1003",0,0,0,1,0,0,0,"26.0"
"1004",0,0,0,0,0,1,0,"U"
"1005",0,0,0,0,0,1,0,"U"
"1006",0,1,0,0,0,0,0,"23.0"
"1007",0,0,0,1,0,0,0,"U"
"1008",0,0,0,0,0,1,0,"U"
"1009",0,0,0,0,1,0,0,"U"
"1010",0,0,0,0,1,0,0,"25.0"
"1011",1,0,0,0,0,0,0,"U"
"1012",0,0,0,0,0,1,0,"U"
"1013",0,1,0,0,0,0,0,"19.0"
"1014",0,0,0,0,1,0,0,"33.0"
"1015",0,0,0,0,0,1,0,"U"
"1016",0,0,0,1,0,0,0,"U"
"1017",0,1,0,0,0,0,0,"49.0"
"1018",0,1,0,0,0,0,0,"U"
"1019",0,1,0,0,0,0,0,"U"
"1020",0,0,1,0,0,0,0,"U"
"1021",0,1,0,0,1,0,0,"25.0"
"1022",0,0,0,0,0,1,0,"28.0"
"1023",0,1,0,0,0,0,0,"20.0"
"1024",0,1,0,0,0,0,0,"23.0"
"1025",0,1,0,0,0,0,0,"42.0"
"1026",0,0,0,0,0,1,0,"U"
"1027",0,0,0,0,0,1,0,"U"
"1028",0,1,0,0,0,0,0,"U"
"1029",0,0,0,0,0,1,0,"U"
"1030",0,0,0,0,0,1,0,"U"
"1031",0,1,0,0,0,0,0,"38.0"
"1032",0,1,0,0,0,0,0,"55.0"
"1033",1,0,0,0,0,0,0,"22.0"
"1034",0,1,0,0,0,0,0,"U"
"1035",0,1,0,0,0,0,0,"U"
"1036",0,0,0,0,0,1,0,"24.0"
"1037",0,0,0,0,0,1,0,"U"
"1038",0,0,1,0,0,0,0,"16.0"
"1039",1,6,1,6,0,0,1,"U"
"1040",0,0,1,0,1,0,0,"32.0"
"1041",1,1,0,0,0,0,0,"U"
"1042",0,1,0,0,0,0,0,"21.0"
"1043",0,0,0,1,0,0,0,"U"
"1044",0,0,0,0,0,1,0,"U"
"1045",0,1,0,0,0,0,0,"31.0"
"1046",0,1,0,0,0,0,0,"22.0"
"1047",0,0,0,1,0,0,0,"U"
"1048",0,0,0,0,0,1,0,"24.0"
"1049",1,0,0,0,0,0,0,"U"
"1050",0,1,0,2,0,0,1,"U"
"1051",0,0,0,0,0,1,0,"31.0"
"1052",1,0,0,0,0,0,0,"46.0"
"1053",0,0,0,0,0,1,0,"U"
"1054",0,0,0,0,1,0,0,"32.0"
"1055",0,1,0,0,0,0,0,"23.0"
"1056",0,0,0,0,1,0,0,"25.0"
"1057",0,1,0,0,0,0,0,"U"
"1058",0,0,0,0,0,1,0,"29.0"
"1059",0,0,0,0,0,1,0,"U"
"1060",0,0,0,0,0,1,0,"U"
"1061",0,1,0,1,0,0,0,"U"
"1062",0,1,0,0,0,0,0,"20.0"
"1063",0,0,0,0,0,1,0,"22.0"
"1064",0,0,0,1,0,0,0,"U"
"1065",0,2,1,0,0,0,0,"25.0"
"1066",0,1,0,0,0,0,0,"22.0"
"1067",0,1,0,0,0,0,0,"25.0"
"1068",0,0,0,0,0,1,0,"U"
"1069",0,0,0,0,0,1,0,"53.0"
"1070",1,0,0,0,0,0,0,"U"
"1071",1,1,0,0,0,0,0,"28.0"
"1072",0,1,0,0,0,0,0,"25.0"
"1073",0,1,0,0,1,0,0,"25.0"
"1074",0,1,0,0,0,0,0,"U"
"1075",0,1,0,0,0,0,0,"34.0"
"1076",0,0,0,0,2,0,0,"U"
"1077",0,1,0,0,0,0,0,"21.0"
"1078",0,1,0,0,0,0,0,"55.0"
"1079",0,1,0,0,1,0,0,"U"
"1080",0,0,1,0,2,0,0,"17.0"
"1081",0,1,0,0,0,0,0,"42.0"
"1082",0,0,0,0,0,1,0,"25.0"
"1083",1,0,0,0,0,0,0,"U"
"1084",0,0,0,0,0,1,0,"U"
"1085",0,0,0,0,0,1,0,"U"
"1086",0,0,0,0,0,1,0,"15.0"
"1087",0,0,0,0,0,1,0,"52.0"
"1088",0,0,0,0,0,1,0,"U"
"1089",0,0,0,0,0,1,0,"U"
"1090",0,0,0,0,0,1,0,"21.0"
"1091",0,1,0,0,0,0,0,"U"
"1092",0,1,0,0,0,0,0,"U"
"1093",0,0,0,0,0,1,0,"U"
"1094",0,1,0,0,0,0,0,"U"
"1095",0,1,0,0,0,0,0,"37.0"
"1096",0,0,0,0,0,1,0,"U"
"1097",0,0,0,1,0,0,1,"22.0"
"1098",0,0,0,1,0,0,0,"U"
"1099",0,1,0,0,0,0,0,"31.0"
"1100",0,0,1,0,0,0,0,"22.0"
"1101",0,0,0,0,1,0,0,"U"
"1102",0,0,0,0,0,1,0,"48.0"
"1103",0,1,0,0,0,0,0,"U"
"1104",0,0,0,0,0,1,0,"U"
"1105",0,0,0,1,0,0,0,"U"
"1106",0,1,0,0,0,0,0,"U"
"1107",0,1,0,0,0,0,0,"U"
"1108",0,1,0,0,0,0,0,"U"
"1109",0,0,0,0,1,0,0,"10.0"
"1110",0,1,0,0,0,0,0,"U"
"1111",0,1,1,0,0,0,0,"U"
"1112",0,1,0,0,0,0,0,"U"
"1113",0,0,0,0,1,0,0,"30-39"
"1114",0,1,0,0,0,0,0,"30.0"
"1115",0,2,0,2,0,0,0,"U"
"1116",3,1,0,0,0,0,0,"U"
"1117",0,0,0,0,0,1,0,"16.0"
"1118",0,1,0,0,0,0,0,"25.0"
"1119",0,1,0,0,0,0,0,"34.0"
"1120",0,0,0,0,0,1,0,"U"
"1121",0,0,0,0,0,1,0,"U"
"1122",0,1,0,0,0,0,0,"U"
"1123",0,1,0,0,0,0,0,"U"
"1124",0,1,0,0,0,0,0,"U"
"1125",0,0,0,0,0,1,0,"U"
"1126",0,0,0,0,0,1,0,"42.0"
"1127",1,3,0,0,1,0,0,"U"
"1128",1,0,0,0,0,0,0,"U"
"1129",0,0,0,0,0,1,0,"U"
"1130",0,0,0,0,0,1,0,"60.0"
"1131",0,1,0,0,0,0,0,"35.0"
"1132",0,1,0,0,0,0,0,"26.0"
"1133",0,1,0,0,0,0,0,"U"
"1134",0,0,0,0,0,1,0,"U"
"1135",0,0,0,0,0,1,0,"U"
"1136",0,0,0,0,0,1,0,"U"
"1137",0,0,0,0,0,1,0,"U"
"1138",0,0,0,0,1,0,0,"10.0"
"1139",0,1,0,1,0,0,0,"U"
"1140",0,0,0,0,0,1,0,"U"
"1141",0,0,0,0,0,1,0,"U"
"1142",0,0,0,0,1,0,0,"U"
"1143",0,1,0,2,0,0,0,"U"
"1144",0,0,0,0,0,1,0,"53.0"
"1145",0,1,0,0,0,0,0,"27.0"
"1146",0,0,0,0,0,1,0,"30.0"
"1147",1,1,0,0,0,0,0,"U"
"1148",0,1,0,0,0,0,0,"U"
"1149",0,0,0,1,0,0,0,"U"
"1150",0,1,0,0,0,0,0,"U"
"1151",0,0,0,0,0,1,0,"U"
"1152",0,0,0,0,1,0,0,"17.0"
"1153",1,1,0,0,0,0,0,"25.0"
"1154",1,1,0,0,0,0,0,"52.0"
"1155",1,0,0,0,0,0,0,"U"
"1156",0,0,0,0,0,1,0,"U"
"1157",0,1,0,2,0,0,0,"40.0"
"1158",0,1,0,1,0,0,0,"U"
"1159",0,0,0,0,0,1,0,"U"
"1160",1,0,0,0,0,0,0,"U"
"1161",1,0,0,0,0,0,0,"50.0"
"1162",1,0,0,0,0,0,0,"39.0"
"1163",1,0,0,0,0,0,0,"17.0"
"1164",0,0,0,0,1,0,0,"25.0"
"1165",0,0,0,0,1,0,0,"U"
"1166",0,0,0,0,2,0,0,"U"
"1167",0,1,0,0,0,0,0,"28.0"
"1168",0,1,0,0,0,0,0,"29.0"
"1169",0,1,0,1,0,0,0,"U"
"1170",0,0,0,0,1,0,0,"23.0"
"1171",1,0,0,0,0,0,0,"U"
"1172",0,0,0,0,0,1,0,"34.0"
"1173",1,0,0,0,0,0,0,"26.0"
"1174",0,0,0,0,0,1,0,"U"
"1175",0,1,0,0,0,0,0,"40.0"
"1176",0,1,0,0,0,0,0,"U"
"1177",0,0,0,0,0,1,0,"U"
"1178",0,1,0,0,0,0,0,"23.0"
"1179",0,0,0,1,0,0,0,"41.0"
"1180",0,1,0,0,0,0,0,"U"
"1181",0,1,0,0,0,0,0,"36.0"
"1182",0,1,0,0,0,0,0,"21.0"
"1183",0,0,0,0,0,1,0,"U"
"1184",0,1,0,0,0,0,0,"56.0"
"1185",0,0,0,0,0,1,0,"25.0"
"1186",0,0,0,0,0,1,0,"17.0"
"1187",0,0,0,0,0,1,0,"U"
"1188",0,0,0,0,0,1,0,"19.0"
"1189",0,0,0,0,0,1,0,"55.0"
"1190",0,1,0,0,0,0,0,"47.0"
"1191",0,1,0,0,0,0,0,"35.0"
"1192",0,1,0,0,0,0,0,"55.0"
"1193",0,0,0,0,0,1,0,"58.0"
"1194",0,1,0,0,0,0,0,"U"
"1195",0,1,0,0,1,0,0,"30-39"
"1196",0,0,0,0,0,1,0,"U"
"1197",0,1,0,0,0,0,0,"26.0"
"1198",0,1,0,0,0,0,0,"U"
"1199",0,0,0,0,1,0,0,"U"
"1200",0,1,0,0,0,0,0,"10.0"
"1201",1,1,0,0,0,0,0,"U"
"1202",0,0,0,0,1,0,0,"36.0"
"1203",0,0,0,0,0,1,0,"U"
"1204",0,0,0,0,0,1,0,"U"
"1205",0,1,0,0,0,0,0,"43.0"
"1206",0,0,0,0,2,0,0,"45.0"
"1207",0,0,1,0,0,0,0,"U"
"1208",0,0,0,0,0,1,0,"U"
"1209",0,0,0,0,0,1,0,"U"
"1210",0,0,0,0,0,1,0,"28.0"
"1211",0,1,0,0,2,0,0,"U"
"1212",0,1,0,0,0,0,0,"U"
"1213",0,1,0,0,0,0,0,"25.0"
"1214",0,0,0,0,0,1,0,"26.0"
"1215",0,0,0,0,0,1,0,"U"
"1216",1,0,0,0,0,0,0,"24.0"
"1217",0,1,0,0,1,0,0,"30-39"
"1218",0,0,0,0,0,1,0,"U"
"1219",0,1,0,0,0,0,0,"U"
"1220",0,1,0,0,0,0,0,"10.0"
"1221",0,1,0,0,0,0,0,"U"
"1222",0,0,0,1,0,0,0,"U"
"1223",0,0,0,0,0,1,0,"U"
"1224",1,0,0,0,0,0,0,"U"
"1225",0,0,0,0,0,1,0,"30.0"
"1226",0,1,0,1,0,0,0,"U"
"1227",0,0,0,0,0,1,0,"29.0"
"1228",0,0,1,0,0,0,0,"U"
"1229",0,0,0,0,1,0,0,"25.0"
"1230",0,0,0,0,1,0,0,"28.0"
"1231",0,0,0,0,0,1,0,"20.0"
"1232",0,1,0,1,0,0,0,"31.0"
"1233",0,1,0,0,0,0,0,"28.0"
"1234",0,1,0,0,0,0,0,"U"
"1235",0,0,0,1,0,0,0,"39.0"
"1236",0,0,0,0,0,1,0,"U"
"1237",0,1,0,1,0,0,0,"40.0"
"1238",0,0,0,0,0,1,0,"U"
"1239",0,0,0,0,0,1,0,"U"
"1240",0,1,0,0,0,0,0,"46.0"
"1241",0,1,0,0,0,0,0,"34.0"
"1242",0,0,0,0,0,1,0,"30.0"
"1243",0,0,0,0,0,1,0,"28.0"
"1244",0,0,0,0,0,1,0,"U"
"1245",0,1,0,0,0,0,0,"32.0"
"1246",0,0,0,0,0,1,0,"U"
"1247",1,0,0,0,0,0,0,"U"
"1248",0,0,0,0,0,1,0,"U"
"1249",0,1,0,0,0,0,0,"22.0"
"1250",1,0,0,0,0,0,0,"21.0"
"1251",0,1,0,0,3,0,0,"29.0"
"1252",0,0,0,0,1,0,0,"U"
"1253",0,1,0,0,0,0,0,"U"
"1254",1,0,0,0,1,0,0,"38.0"
"1255",0,1,0,0,0,0,0,"56.0"
"1256",0,0,0,0,0,1,0,"U"
"1257",0,0,0,0,0,1,0,"25.0"
"1258",0,0,0,0,0,1,0,"U"
"1259",0,1,0,0,0,0,0,"30-39"
"1260",0,0,0,0,0,1,0,"U"
"1261",1,0,0,6,0,0,0,"U"
"1262",0,0,0,0,0,1,0,"U"
"1263",0,0,0,0,1,0,0,"35.0"
"1264",0,1,0,0,0,0,0,"U"
"1265",0,0,0,0,0,1,0,"U"
"1266",1,0,0,0,0,0,0,"25.0"
"1267",0,1,0,0,0,0,0,"U"
"1268",1,0,0,0,0,0,0,"31.0"
"1269",0,1,0,0,0,0,0,"U"
"1270",0,1,0,0,1,0,0,"10.0"
"1271",0,0,0,0,0,1,0,"U"
"1272",1,3,0,0,0,0,0,"39.0"
"1273",0,0,0,0,0,1,0,"U"
"1274",0,0,0,0,0,1,0,"29.0"
"1275",0,0,0,0,0,1,0,"U"
"1276",0,0,0,0,0,1,0,"40.0"
"1277",1,0,0,0,0,0,0,"25.0"
"1278",0,0,0,0,0,1,0,"U"
"1279",1,0,0,0,0,0,0,"U"
"1280",0,1,0,0,0,0,0,"U"
"1281",1,0,0,0,0,0,0,"29.0"
"1282",0,1,0,0,0,0,0,"25.0"
"1283",0,1,0,0,0,0,0,"42.0"
"1284",0,0,0,0,0,1,0,"U"
"1285",0,0,0,0,0,1,0,"U"
"1286",1,1,1,1,0,0,0,"U"
"1287",1,0,0,0,0,0,0,"U"
"1288",1,0,1,0,1,0,0,"U"
"1289",0,0,0,0,0,1,0,"U"
"1290",0,0,0,0,0,1,0,"U"
"1291",0,1,0,0,0,0,0,"29.0"
"1292",0,1,0,0,0,0,0,"U"
"1293",0,0,1,0,2,0,0,"19.0"
"1294",0,0,0,0,0,1,0,"U"
"1295",0,0,0,0,0,1,0,"U"
"1296",0,0,0,0,0,1,0,"U"
"1297",0,0,0,0,0,1,0,"U"
"1298",0,2,0,0,2,0,0,"27.0"
"1299",1,1,0,0,0,0,0,"U"
"1300",0,0,0,1,0,0,0,"23.0"
"1301",0,0,0,0,0,1,0,"U"
"1302",1,0,0,0,0,0,0,"25.0"
"1303",0,1,0,0,0,0,0,"U"
"1304",1,0,0,2,0,0,0,"19.0"
"1305",0,0,0,0,0,1,0,"41.0"
"1306",0,0,0,0,0,1,0,"U"
"1307",0,0,0,1,0,0,0,"U"
"1308",0,0,0,1,0,0,0,"41.0"
"1309",1,0,0,0,0,0,0,"32.0"
"1310",1,0,0,0,0,0,0,"21.0"
"1311",0,0,0,0,0,1,0,"U"
"1312",0,1,0,0,0,0,0,"24.0"
"1313",0,1,0,0,0,0,0,"36.0"
"1314",0,1,0,0,0,0,0,"41.0"
"1315",2,4,0,0,0,0,0,"U"
"1316",1,0,0,0,0,0,0,"23.0"
"1317",0,0,0,0,0,1,0,"24.0"
"1318",1,1,0,0,0,0,0,"44.0"
"1319",1,0,0,0,0,0,0,"23.0"
"1320",0,0,0,1,0,0,0,"U"
"1321",0,0,0,0,0,1,0,"49.0"
"1322",0,0,0,0,0,1,0,"U"
"1323",0,1,0,0,0,0,0,"25.0"
"1324",0,0,0,0,1,0,0,"U"
"1325",0,1,0,0,0,0,0,"19.0"
"1326",0,1,0,1,0,0,0,"47.0"
"1327",0,1,0,0,0,0,0,"U"
"1328",0,1,0,0,0,0,0,"26.0"
"1329",0,1,0,0,1,0,0,"20.0"
"1330",0,1,0,0,0,0,0,"33.0"
"1331",0,0,0,0,0,1,0,"U"
"1332",0,0,1,0,0,0,0,"U"
"1333",0,0,0,0,0,1,0,"22.0"
"1334",0,1,0,0,1,0,0,"32.0"
"1335",1,0,0,1,0,0,0,"19.0"
"1336",0,0,0,0,0,1,0,"U"
"1337",0,1,0,0,0,0,0,"U"
"1338",0,2,0,3,0,0,0,"31.0"
"1339",0,0,0,1,0,0,0,"U"
"1340",0,0,0,0,1,0,0,"27.0"
"1341",0,1,0,1,0,0,0,"26.0"
"1342",0,0,0,0,0,1,0,"58.0"
"1343",0,1,0,0,0,0,0,"41.0"
"1344",0,1,0,0,0,0,0,"U"
"1345",0,0,0,1,0,0,0,"U"
"1346",0,0,0,0,0,1,0,"52.0"
"1347",0,0,0,0,0,1,0,"U"
"1348",0,0,0,1,0,0,0,"U"
"1349",0,1,0,0,0,0,0,"22.0"
"1350",1,4,0,0,0,0,0,"U"
"1351",0,1,0,0,0,0,0,"18.0"
"1352",0,0,0,1,0,0,0,"U"
"1353",0,1,0,0,0,0,0,"U"
"1354",0,0,0,1,0,1,0,"U"
"1355",0,1,0,0,0,0,0,"U"
"1356",0,0,0,1,0,0,0,"26.0"
"1357",1,1,0,0,0,0,0,"U"
"1358",0,1,0,0,0,0,0,NA
"1359",0,0,0,0,0,1,0,"U"
"1360",1,0,0,0,0,0,0,"10.0"
"1361",0,1,0,0,0,0,0,"U"
"1362",0,1,0,0,0,0,0,"25.0"
"1363",0,1,0,0,0,0,0,"35.0"
"1364",0,1,0,0,0,0,0,"34.0"
"1365",0,1,0,0,0,0,0,"52.0"
"1366",0,0,0,0,0,1,0,"U"
"1367",0,1,0,0,0,0,0,"U"
"1368",0,0,0,0,0,1,0,"U"
"1369",0,1,0,0,0,0,0,"18.0"
"1370",0,0,0,1,0,0,0,"13.0"
"1371",0,0,0,0,0,1,0,"U"
"1372",0,0,0,0,0,1,0,"U"
"1373",0,0,0,0,0,1,0,"U"
"1374",1,0,0,0,0,0,0,"U"
"1375",0,0,0,0,0,1,0,"32.0"
"1376",0,0,0,0,0,1,0,"20.0"
"1377",1,1,0,0,0,0,0,"25.0"
"1378",0,1,0,0,0,0,0,"10.0"
"1379",1,0,0,0,0,0,0,"40.0"
"1380",0,0,0,0,0,1,0,"U"
"1381",0,1,0,0,0,0,0,"17.0"
"1382",0,1,0,0,0,0,0,"18.0"
"1383",0,0,0,0,0,1,0,"U"
"1384",0,1,0,0,0,0,0,"23.0"
"1385",0,0,0,0,0,1,0,"37.0"
"1386",0,0,0,0,1,0,0,"25.0"
"1387",0,0,0,0,0,1,0,"U"
"1388",0,0,0,0,0,1,0,"29.0"
"1389",1,0,0,0,0,0,0,"U"
"1390",0,1,0,0,1,0,0,"U"
"1391",0,1,0,0,0,0,0,"25.0"
"1392",0,0,0,0,0,1,0,"U"
"1393",0,0,0,0,0,1,0,"U"
"1394",0,0,0,0,0,1,0,"U"
"1395",1,0,0,1,0,0,0,"U"
"1396",0,1,0,0,0,0,0,"26.0"
"1397",0,0,0,1,0,0,0,"33.0"
"1398",0,1,0,0,0,0,0,"23.0"
"1399",0,0,0,0,0,1,0,"U"
"1400",0,0,0,0,0,1,0,"U"
"1401",1,0,0,0,0,0,0,"22.0"
"1402",0,0,0,0,0,1,0,"U"
"1403",0,0,0,0,0,1,0,"U"
"1404",0,0,0,0,0,1,0,"U"
"1405",0,0,0,1,0,0,0,"26.0"
"1406",0,1,0,0,0,0,0,"42.0"
"1407",0,2,0,0,1,0,0,"U"
"1408",0,0,0,0,1,0,0,"U"
"1409",0,1,0,0,0,0,0,"26.0"
"1410",0,0,0,0,0,1,0,"U"
"1411",0,0,0,0,0,1,0,"U"
"1412",0,0,0,0,0,1,0,"U"
"1413",0,0,0,0,1,0,0,"32.0"
"1414",0,0,0,1,0,0,0,"64.0"
"1415",0,1,0,0,0,0,0,NA
"1416",0,0,0,0,0,1,0,"U"
"1417",1,0,0,0,0,0,0,"U"
"1418",0,1,0,0,0,0,0,"21.0"
"1419",0,0,0,0,0,1,0,"U"
"1420",0,0,0,0,1,0,0,"26.0"
"1421",0,1,0,0,0,0,0,"U"
"1422",1,0,0,0,1,0,0,"30-39"
"1423",0,0,0,0,0,1,0,"U"
"1424",0,1,0,0,0,0,0,"24.0"
"1425",0,0,0,0,0,1,0,"U"
"1426",0,0,0,0,0,1,0,"U"
"1427",0,0,0,0,0,1,0,"U"
"1428",0,0,0,0,0,1,0,"53.0"
"1429",0,3,0,4,0,0,1,"19.0"
"1430",0,1,0,1,0,0,0,"37.0"
"1431",0,1,0,0,0,0,0,"34.0"
"1432",0,0,0,0,0,1,0,"28.0"
"1433",0,0,0,0,1,0,0,"23.0"
"1434",1,1,0,0,0,0,0,"U"
"1435",0,1,0,0,0,0,0,"U"
"1436",0,0,0,0,0,1,0,"U"
"1437",0,1,0,0,0,0,0,"33.0"
"1438",0,2,0,1,0,0,0,"53.0"
"1439",0,1,0,0,0,0,0,"27.0"
"1440",2,1,0,5,0,0,0,"U"
"1441",0,0,0,0,0,1,0,"U"
"1442",0,0,0,1,0,0,0,"U"
"1443",1,0,0,0,0,0,0,"25.0"
"1444",0,1,0,1,0,0,0,"U"
"1445",0,0,0,0,0,1,0,"U"
"1446",0,0,0,0,0,1,0,"U"
"1447",0,0,0,0,0,1,0,"25.0"
"1448",0,1,0,0,0,0,0,"25.0"
"1449",0,0,0,0,0,1,0,"U"
"1450",0,0,0,0,0,1,0,"U"
"1451",0,0,0,0,0,1,0,"20.0"
"1452",0,0,0,0,1,0,0,"U"
"1453",0,1,0,0,0,0,0,"51.0"
"1454",0,0,0,0,0,1,0,"15.0"
"1455",0,0,0,0,0,1,0,"U"
"1456",0,0,0,0,0,1,0,"39.0"
"1457",0,1,0,0,0,0,0,"U"
"1458",0,0,0,0,0,1,0,"U"
"1459",0,1,0,0,0,0,0,"17.0"
"1460",0,1,0,0,0,0,0,"U"
"1461",0,0,0,0,0,1,0,"U"
"1462",0,1,0,0,0,0,0,"34.0"
"1463",0,1,0,0,0,0,0,"34.0"
"1464",0,0,0,0,0,1,0,"U"
"1465",0,1,0,2,0,0,0,"U"
"1466",0,0,0,0,0,1,0,"U"
"1467",1,0,0,0,0,0,0,"31.0"
"1468",0,1,0,0,0,0,0,"U"
"1469",1,0,0,0,0,0,0,"21.0"
"1470",0,0,0,0,1,0,0,"20.0"
"1471",0,0,0,0,0,1,0,"35.0"
"1472",0,0,0,0,0,1,0,"U"
"1473",0,0,1,1,0,0,0,"U"
"1474",0,1,0,0,1,0,0,"26.0"
"1475",0,0,0,0,0,1,0,"22.0"
"1476",0,0,0,0,0,1,0,"U"
"1477",0,0,0,0,0,1,0,"U"
"1478",0,1,0,0,0,0,0,"30-39"
"1479",0,0,0,1,0,0,0,"U"
"1480",0,1,0,0,0,0,0,"20.0"
"1481",0,1,0,0,0,0,0,"40.0"
"1482",0,0,0,0,0,1,0,"27.0"
"1483",0,0,0,0,0,1,0,"29.0"
"1484",0,0,0,1,0,0,0,"U"
"1485",0,0,0,0,0,1,0,"U"
"1486",1,0,0,0,0,0,0,"10.0"
"1487",0,0,0,0,1,0,0,"U"
"1488",0,0,0,0,0,1,0,"21.0"
"1489",0,0,0,0,0,1,0,"23.0"
"1490",0,1,0,0,0,0,0,"U"
"1491",0,1,0,0,0,0,0,"U"
"1492",0,0,0,0,0,1,0,"54.0"
"1493",0,0,0,1,0,0,0,"18.0"
"1494",0,1,0,0,0,0,0,"25.0"
"1495",0,0,0,0,0,1,0,"40.0"
"1496",0,1,0,0,0,0,0,"31.0"
"1497",0,1,0,0,0,0,0,"24.0"
"1498",0,1,0,0,0,0,0,"24.0"
"1499",0,0,0,0,1,0,0,"U"
"1500",0,1,0,0,0,0,0,"U"
"1501",0,0,0,1,0,0,0,"U"
"1502",0,2,0,1,0,0,0,"34.0"
"1503",0,0,0,0,2,0,0,"23.0"
"1504",0,1,0,0,0,0,0,"U"
"1505",0,0,0,0,0,1,0,"50.0"
"1506",1,0,0,0,0,0,0,"U"
"1507",0,0,0,0,0,1,0,"U"
"1508",1,0,0,0,0,0,0,"U"
"1509",0,1,0,0,0,0,0,"U"
"1510",0,0,0,0,0,1,0,"28.0"
"1511",0,1,0,0,0,0,0,"U"
"1512",0,0,0,0,0,1,0,"U"
"1513",0,0,0,1,0,0,0,"U"
"1514",0,0,1,0,0,0,0,"U"
"1515",1,0,0,0,0,0,0,"31.0"
"1516",0,1,0,0,0,0,0,"U"
"1517",0,0,0,0,0,1,0,"U"
"1518",0,0,0,0,0,1,0,"U"
"1519",0,0,0,0,0,1,0,"U"
"1520",0,0,0,0,0,1,0,"U"
"1521",0,1,0,0,0,0,0,"26.0"
"1522",0,0,0,0,0,1,0,"U"
"1523",1,0,0,0,0,0,0,"25.0"
"1524",0,1,0,0,0,0,0,"46.0"
"1525",0,0,0,1,0,0,0,"U"
"1526",0,0,0,0,0,1,0,"21.0"
"1527",1,0,0,0,0,0,0,"14.0"
"1528",0,1,0,0,0,0,0,"39.0"
"1529",0,1,0,0,0,0,0,"38.0"
"1530",0,1,0,0,0,0,0,"25.0"
"1531",1,0,0,0,0,1,0,"29.0"
"1532",0,1,0,0,0,0,0,"25.0"
"1533",0,0,0,0,0,1,0,NA
"1534",0,0,0,0,0,1,0,"48.0"
"1535",1,0,0,0,0,0,0,"47.0"
"1536",0,0,0,0,0,1,0,"17.0"
"1537",0,0,0,0,0,1,0,"U"
"1538",0,0,0,0,0,1,0,"19.0"
"1539",0,1,0,0,0,0,0,"U"
"1540",0,0,0,0,0,1,0,"U"
"1541",0,0,0,0,0,1,0,"U"
"1542",0,0,0,0,0,1,0,"25.0"
"1543",0,0,0,0,0,1,0,"U"
"1544",0,0,0,1,0,0,0,"U"
"1545",0,0,0,0,0,1,0,"U"
"1546",0,1,0,0,0,0,0,"25.0"
"1547",1,0,0,0,0,0,0,"30-39"
"1548",0,0,0,0,0,1,0,"U"
"1549",0,0,0,0,0,1,0,"47.0"
"1550",0,0,0,0,0,1,0,"U"
"1551",0,0,0,1,0,0,0,"U"
"1552",0,0,0,0,0,1,0,"U"
"1553",0,1,0,0,0,0,0,"21.0"
"1554",1,0,0,0,0,0,0,"U"
"1555",0,1,0,0,0,0,0,"U"
"1556",0,0,1,3,0,0,0,"U"
"1557",0,1,0,1,0,0,0,"U"
"1558",0,0,0,0,0,1,0,"U"
"1559",0,1,0,0,0,0,0,"U"
"1560",0,1,0,0,0,0,0,"U"
"1561",0,0,0,0,0,1,0,"U"
"1562",0,1,0,0,0,0,0,"33.0"
"1563",0,0,0,0,0,1,0,"U"
"1564",0,0,0,1,0,0,0,"49.0"
"1565",0,0,0,0,0,1,0,"U"
"1566",0,0,0,1,0,0,0,"U"
"1567",0,1,0,0,0,0,0,"U"
"1568",0,0,0,0,0,1,0,"32.0"
"1569",1,0,0,0,0,0,0,"U"
"1570",0,1,0,0,0,0,0,"37.0"
"1571",0,1,0,0,0,0,0,"27.0"
"1572",0,0,0,1,0,0,0,"U"
"1573",0,0,0,0,0,1,0,"U"
"1574",0,1,0,0,0,0,0,"19.0"
"1575",0,1,0,0,0,0,0,"U"
"1576",0,0,0,0,1,0,0,"57.0"
"1577",0,1,0,0,0,0,0,"16.0"
"1578",0,0,0,0,1,0,0,"19.0"
"1579",0,1,0,0,0,0,0,"25.0"
"1580",0,0,0,0,1,0,0,"20.0"
"1581",0,0,0,1,0,0,0,"41.0"
"1582",0,5,0,0,2,0,0,"U"
"1583",0,1,0,0,0,0,0,"29.0"
"1584",0,1,0,0,0,0,0,"U"
"1585",0,0,0,0,0,1,0,"U"
"1586",0,1,0,0,0,0,0,"26.0"
"1587",0,1,0,1,0,0,0,"34.0"
"1588",0,0,0,0,0,1,0,"U"
"1589",0,1,0,0,0,0,0,"26.0"
"1590",0,0,0,1,0,0,0,"35.0"
"1591",0,0,0,0,0,1,0,"40.0"
"1592",0,0,0,0,0,1,0,"33.0"
"1593",0,1,0,0,0,0,0,"U"
"1594",0,1,0,0,0,0,0,"23.0"
"1595",0,0,0,0,0,1,0,"U"
"1596",0,1,0,0,0,0,0,"U"
"1597",0,1,0,0,0,0,0,"U"
"1598",0,0,0,0,0,1,0,"U"
"1599",0,0,0,0,0,1,0,"U"
"1600",0,1,0,0,0,0,0,"32.0"
"1601",0,0,0,0,0,1,0,"U"
"1602",0,0,0,0,0,1,0,"U"
"1603",0,1,0,0,0,0,0,"50.0"
"1604",0,0,0,0,0,1,0,"U"
"1605",0,0,0,0,0,1,0,"U"
"1606",0,1,0,0,0,0,0,"25.0"
"1607",0,0,0,0,0,1,0,"U"
"1608",1,0,0,0,0,0,0,"U"
"1609",0,1,0,0,0,0,0,"35.0"
"1610",1,0,0,0,0,0,0,"10.0"
"1611",0,1,0,0,0,0,0,"34.0"
"1612",0,0,0,0,1,0,0,"10.0"
"1613",0,1,0,0,0,0,0,"25.0"
"1614",0,0,1,0,0,0,0,"21.0"
"1615",0,1,0,0,0,0,0,"15.0"
"1616",0,0,0,0,0,1,0,"29.0"
"1617",0,0,0,0,0,1,0,"23.0"
"1618",0,0,0,0,0,1,0,"16.0"
"1619",0,2,0,0,1,0,0,"U"
"1620",0,1,0,0,0,0,0,"31.0"
"1621",0,1,0,0,0,0,0,"24.0"
"1622",0,0,0,0,0,1,0,"U"
"1623",0,1,0,0,0,0,0,"U"
"1624",0,1,0,0,0,0,0,"38.0"
"1625",0,0,0,0,0,1,0,"U"
"1626",1,0,0,0,0,0,0,"34.0"
"1627",1,0,0,0,0,0,0,"U"
"1628",0,0,0,0,0,1,0,"U"
"1629",1,0,0,0,0,0,0,"17.0"
"1630",0,0,0,0,0,1,0,"U"
"1631",0,0,0,0,0,1,0,"29.0"
"1632",1,1,0,0,0,0,0,"U"
"1633",0,1,0,0,0,0,1,"U"
"1634",1,0,0,0,0,0,0,"43.0"
"1635",0,1,0,0,0,0,0,"46.0"
"1636",0,1,0,0,0,0,0,"U"
"1637",0,1,0,0,0,0,0,"U"
"1638",0,0,0,0,0,1,0,"U"
"1639",0,1,0,0,0,0,0,"10.0"
"1640",0,0,0,0,1,0,0,"10.0"
"1641",0,0,0,0,0,1,0,"28.0"
"1642",1,1,0,0,0,0,0,"23.0"
"1643",0,0,0,0,1,0,0,"19.0"
"1644",0,0,0,0,0,1,0,"26.0"
"1645",0,1,0,0,0,0,0,"22.0"
"1646",0,0,0,0,2,0,0,"U"
"1647",0,1,0,0,0,0,0,"U"
"1648",0,0,0,0,0,1,0,"U"
"1649",0,0,0,0,0,1,0,"U"
"1650",0,0,0,0,0,1,0,"U"
"1651",1,0,0,0,0,0,0,"U"
"1652",0,1,0,0,0,0,0,"25.0"
"1653",0,0,1,0,0,0,0,"46.0"
"1654",1,0,0,0,0,0,0,"31.0"
"1655",0,0,0,0,0,1,0,"U"
"1656",0,1,0,0,0,0,0,"25.0"
"1657",0,0,0,1,1,0,0,"19.0"
"1658",0,1,0,0,0,0,0,"U"
"1659",0,0,0,1,0,0,0,"25.0"
"1660",0,1,0,0,0,0,0,"U"
"1661",0,0,0,1,0,0,0,"U"
"1662",0,1,0,0,0,0,0,"29.0"
"1663",0,1,0,0,0,0,0,"27.0"
"1664",0,0,0,0,0,1,0,"38.0"
"1665",0,0,0,0,3,0,0,"25.0"
"1666",0,1,0,0,0,0,0,"U"
"1667",0,0,0,0,0,1,0,"U"
"1668",0,1,0,0,0,0,0,"35.0"
"1669",0,1,0,0,0,0,0,"27.0"
"1670",0,0,0,0,0,1,0,"U"
"1671",0,0,1,0,0,0,0,"U"
"1672",0,1,0,0,0,0,0,"U"
"1673",0,1,0,0,2,0,0,"17.0"
"1674",0,0,0,0,0,1,0,"U"
"1675",1,0,0,0,0,0,0,"27.0"
"1676",0,1,0,0,0,0,0,"25.0"
"1677",0,0,0,0,0,1,0,"U"
"1678",0,0,0,0,0,1,0,"40.0"
"1679",0,0,0,0,0,1,0,"U"
"1680",0,0,0,0,0,1,0,"52.0"
"1681",1,0,0,0,0,0,0,"U"
"1682",0,1,0,0,0,0,0,"U"
"1683",0,0,0,0,0,1,0,"47.0"
"1684",0,0,0,0,0,1,0,"U"
"1685",1,1,0,2,0,0,0,NA
"1686",1,1,0,0,0,0,0,"U"
"1687",0,0,0,0,0,1,0,"38.0"
"1688",1,0,0,0,0,0,0,"U"
"1689",0,0,0,1,0,0,0,"29.0"
"1690",1,1,0,0,0,0,0,"U"
"1691",0,0,0,0,0,1,0,"31.0"
"1692",1,0,0,0,0,0,0,"25.0"
"1693",0,1,0,0,0,0,0,"U"
"1694",0,1,0,0,0,0,0,"37.0"
"1695",0,0,0,0,0,1,0,"U"
"1696",0,0,0,1,0,0,0,"U"
"1697",1,1,0,0,0,0,0,"18.0"
"1698",0,0,0,0,0,1,0,"24.0"
"1699",0,0,0,0,0,1,0,"20.0"
"1700",1,1,0,0,0,0,0,"U"
"1701",1,0,0,0,0,0,0,"24.0"
"1702",0,0,0,0,0,1,0,"U"
"1703",1,0,0,0,0,0,0,"55.0"
"1704",0,0,0,0,0,1,0,"U"
"1705",0,0,1,0,0,0,0,"17.0"
"1706",0,0,0,0,0,1,0,"U"
"1707",0,0,0,0,0,1,0,"U"
"1708",1,0,0,0,0,0,0,"24.0"
"1709",0,1,0,0,0,0,0,"30-39"
"1710",0,0,0,0,0,1,0,"U"
"1711",0,1,0,0,0,0,0,"U"
"1712",1,0,0,0,0,0,0,"43.0"
"1713",0,1,0,0,1,0,0,"26.0"
"1714",0,1,0,0,0,0,0,"U"
"1715",0,0,1,0,0,0,0,"U"
"1716",0,1,0,0,0,0,0,"U"
"1717",0,1,0,0,0,0,0,"23.0"
"1718",3,3,0,0,0,0,0,"U"
"1719",0,0,0,0,0,1,0,"U"
"1720",0,0,0,0,0,1,0,"U"
"1721",0,1,0,0,0,0,0,"45.0"
"1722",0,0,0,0,0,1,0,"28.0"
"1723",0,0,0,0,0,1,0,"24.0"
"1724",0,1,0,0,0,0,0,"U"
"1725",0,1,0,0,0,0,0,"46.0"
"1726",1,0,0,0,0,0,0,"40.0"
"1727",0,0,0,0,0,1,0,"U"
"1728",0,1,0,0,0,0,0,"25.0"
"1729",0,0,0,0,0,1,0,"U"
"1730",0,0,0,1,0,0,0,"U"
"1731",0,0,0,0,0,1,0,"36.0"
"1732",0,0,0,0,0,1,0,"U"
"1733",0,0,0,0,0,1,0,"32.0"
"1734",0,1,0,0,0,0,0,"U"
"1735",0,0,0,0,1,0,0,"25.0"
"1736",0,0,0,0,0,1,0,"U"
"1737",0,1,0,0,0,0,0,"17.0"
"1738",0,0,0,0,0,1,0,"36.0"
"1739",0,1,0,0,0,0,0,"U"
"1740",0,0,0,0,0,1,0,"U"
"1741",0,0,0,0,0,1,0,"49.0"
"1742",0,1,0,2,0,0,1,"36.0"
"1743",0,0,0,0,0,1,0,"29.0"
"1744",0,0,0,0,0,1,0,"42.0"
"1745",0,1,0,0,0,0,0,"21.0"
"1746",0,1,0,0,0,0,0,"31.0"
"1747",0,0,0,1,0,0,0,"U"
"1748",1,0,0,0,0,0,0,"U"
"1749",0,1,0,0,0,0,0,"21.0"
"1750",0,0,0,0,0,1,0,"U"
"1751",0,1,0,0,0,0,0,"30-39"
"1752",0,1,0,0,0,0,0,"45.0"
"1753",0,0,0,0,0,1,0,"49.0"
"1754",0,0,1,0,0,0,0,"U"
"1755",0,0,0,0,1,0,0,"30-39"
"1756",0,1,0,0,0,0,0,"U"
"1757",0,0,0,1,0,0,0,"U"
"1758",0,0,0,0,0,1,0,"U"
"1759",0,0,0,0,0,1,0,"U"
"1760",0,0,0,0,0,1,0,"U"
"1761",0,0,0,0,0,1,0,"U"
"1762",0,0,0,0,0,1,0,"44.0"
"1763",1,1,0,0,0,0,0,"U"
"1764",0,0,0,0,2,0,0,"22.0"
"1765",0,0,0,0,0,1,0,"U"
"1766",0,0,0,0,0,1,0,"U"
"1767",0,0,0,1,0,0,0,"35.0"
"1768",0,0,0,0,0,1,0,"21.0"
"1769",0,0,0,0,0,1,0,"23.0"
"1770",0,0,0,1,0,0,0,"U"
"1771",0,0,0,0,0,1,0,"U"
"1772",0,0,0,0,0,1,0,"U"
"1773",0,1,0,0,0,0,0,"U"
"1774",0,0,0,0,0,1,0,"U"
"1775",0,0,0,1,0,0,0,"U"
"1776",0,0,0,0,0,1,0,"U"
"1777",0,1,0,0,0,0,0,"21.0"
"1778",0,0,0,0,0,1,0,"U"
"1779",0,1,0,0,1,0,0,"26.0"
"1780",0,1,0,0,0,0,0,"34.0"
"1781",0,0,0,0,0,1,0,"U"
"1782",0,1,0,0,0,0,0,"33.0"
"1783",0,1,0,0,0,0,0,"48.0"
"1784",0,0,0,0,0,1,0,"23.0"
"1785",1,4,0,0,0,0,0,"46.0"
"1786",0,0,0,0,1,0,0,"U"
"1787",0,1,0,0,0,0,0,"29.0"
"1788",0,1,0,0,0,0,0,"35.0"
"1789",0,1,0,0,0,0,0,"U"
"1790",0,1,0,0,0,0,0,"20.0"
"1791",0,0,0,0,0,1,0,"48.0"
"1792",0,1,0,0,0,0,0,"21.0"
"1793",1,1,0,0,0,0,0,"29.0"
"1794",0,1,0,0,0,0,0,"U"
"1795",0,0,0,1,0,0,0,"31.0"
"1796",0,1,0,0,0,0,0,"U"
"1797",0,0,0,0,0,1,0,"U"
"1798",0,0,0,0,0,1,0,"U"
"1799",0,1,0,0,0,0,0,"U"
"1800",0,0,0,0,0,1,0,"U"
"1801",0,0,0,0,0,1,0,"U"
"1802",0,0,0,0,0,1,0,"50.0"
"1803",0,0,0,0,0,1,0,"U"
"1804",0,0,0,0,0,1,0,"U"
"1805",0,0,0,0,0,1,0,"U"
"1806",0,0,0,0,0,1,0,"U"
"1807",0,0,0,1,0,0,0,"32.0"
"1808",0,0,1,2,0,0,0,"U"
"1809",0,0,0,0,0,1,0,"23.0"
"1810",0,1,0,0,0,0,0,"18.0"
"1811",0,1,0,0,0,0,0,"U"
"1812",0,0,0,0,0,1,0,"31.0"
"1813",0,0,0,0,0,1,0,"35.0"
"1814",0,0,0,0,1,0,0,"U"
"1815",0,0,0,0,0,1,0,"U"
"1816",0,0,0,1,0,0,0,"26.0"
"1817",0,0,0,0,0,1,0,"U"
"1818",0,0,0,0,0,1,0,"37.0"
"1819",0,0,0,0,0,1,0,"U"
"1820",0,1,0,1,0,0,0,"U"
"1821",0,1,0,0,0,0,0,"45.0"
"1822",0,1,0,0,0,0,0,"22.0"
"1823",0,0,0,0,0,1,0,"31.0"
"1824",0,0,0,0,0,1,0,"U"
"1825",1,0,0,0,0,0,0,"18.0"
"1826",0,0,0,0,1,0,0,"U"
"1827",0,1,0,0,0,0,0,"U"
"1828",1,0,0,0,0,0,0,"38.0"
"1829",0,1,0,0,0,0,0,"U"
"1830",0,0,0,0,0,1,0,"U"
"1831",0,1,0,0,0,0,0,"28.0"
"1832",0,0,0,0,1,0,0,"25.0"
"1833",0,2,0,0,1,0,0,"U"
"1834",0,0,0,1,0,0,0,"U"
"1835",0,1,0,0,0,0,0,"U"
"1836",0,2,1,0,0,2,0,"22.0"
"1837",1,1,0,0,0,0,0,"38.0"
"1838",0,0,0,0,0,1,0,"U"
"1839",0,1,0,0,0,0,0,"24.0"
"1840",1,0,0,0,0,0,0,"U"
"1841",1,0,0,0,0,0,0,"23.0"
"1842",0,0,0,0,0,1,0,"U"
"1843",0,0,0,0,0,1,0,"U"
"1844",1,4,0,6,0,0,0,"U"
"1845",0,0,0,0,0,1,0,"U"
"1846",0,0,0,0,0,1,0,"30.0"
"1847",0,0,0,0,0,1,0,"39.0"
"1848",0,0,0,0,0,1,0,"44.0"
"1849",0,1,0,0,0,0,0,"27.0"
"1850",0,1,0,0,1,0,0,"27.0"
"1851",0,1,0,0,0,0,0,"29.0"
"1852",0,1,0,0,0,0,0,"U"
"1853",0,1,0,0,0,0,0,"22.0"
"1854",1,1,0,0,0,0,0,"U"
"1855",0,1,0,0,0,0,0,"U"
"1856",0,0,0,0,0,1,0,"U"
"1857",0,0,0,0,0,1,0,"U"
"1858",0,0,0,0,0,1,0,"34.0"
"1859",0,1,0,0,0,0,0,"U"
"1860",0,0,0,0,0,1,0,"U"
"1861",0,1,0,0,0,0,0,"U"
"1862",0,1,0,0,0,0,0,"39.0"
"1863",0,0,0,0,0,1,0,"33.0"
"1864",1,0,0,0,0,0,0,"37.0"
"1865",0,1,0,3,0,0,0,"U"
"1866",0,1,0,0,0,0,0,"U"
"1867",0,0,0,0,0,1,0,"U"
"1868",0,0,0,0,0,1,0,"U"
"1869",0,1,0,0,0,0,0,"U"
"1870",0,0,0,0,0,1,0,"U"
"1871",0,0,0,0,0,1,0,"45.0"
"1872",0,1,0,0,0,0,0,"21.0"
"1873",0,1,0,0,0,0,0,"22.0"
"1874",0,1,0,0,0,0,0,"U"
"1875",0,0,0,0,0,1,0,"U"
"1876",1,0,0,0,0,0,0,"44.0"
"1877",0,0,0,0,0,1,0,"U"
"1878",0,1,0,0,0,0,0,"U"
"1879",0,1,0,0,0,0,0,"17.0"
"1880",0,1,0,0,0,0,0,"26.0"
"1881",0,1,0,0,0,0,0,"U"
"1882",0,2,0,1,0,0,0,"U"
"1883",0,0,0,0,0,1,0,"U"
"1884",0,0,0,1,0,0,0,"U"
"1885",0,0,0,0,0,1,0,"U"
"1886",1,0,0,0,0,0,0,"37.0"
"1887",0,1,0,0,1,0,0,"30-39"
"1888",1,0,0,0,0,0,0,"32.0"
"1889",0,1,0,0,0,0,0,"25.0"
"1890",0,0,0,0,0,1,0,"26.0"
"1891",2,0,0,1,0,0,0,"U"
"1892",0,1,0,0,1,0,0,"U"
"1893",0,1,0,0,0,0,0,"58.0"
"1894",0,0,0,0,0,1,0,"40.0"
"1895",1,1,0,0,0,0,0,"U"
"1896",0,0,0,0,1,0,0,"55.0"
"1897",0,0,0,0,0,1,0,"17.0"
"1898",0,0,0,0,0,1,0,"U"
"1899",0,1,0,0,0,0,0,"20.0"
"1900",0,1,0,0,0,0,0,"28.0"
"1901",0,0,0,0,1,0,0,"U"
"1902",0,0,0,0,0,1,0,"U"
"1903",0,0,1,0,0,0,0,"U"
"1904",0,1,0,0,0,0,0,"U"
"1905",0,1,0,0,0,0,0,"52.0"
"1906",0,0,0,0,0,1,0,"19.0"
"1907",0,0,0,0,0,1,0,"U"
"1908",1,0,0,0,0,0,0,"26.0"
"1909",0,0,0,0,0,1,0,"U"
"1910",0,1,0,0,0,0,0,"U"
"1911",0,0,0,1,0,0,0,"U"
"1912",0,0,0,0,0,1,0,"U"
"1913",0,3,0,0,1,0,0,"U"
"1914",0,0,0,0,0,1,0,"52.0"
"1915",0,0,0,0,0,1,0,"U"
"1916",0,0,0,0,0,1,0,"U"
"1917",0,0,0,0,0,1,0,"32.0"
"1918",0,0,0,0,0,1,0,"U"
"1919",0,0,0,0,0,1,0,"U"
"1920",0,0,0,0,0,1,0,"U"
"1921",0,0,0,0,0,1,0,"28.0"
"1922",1,0,0,0,0,0,0,"U"
"1923",0,1,0,0,0,0,0,"25.0"
"1924",2,2,0,0,0,0,0,"U"
"1925",0,0,0,0,0,1,0,"48.0"
"1926",0,0,0,0,0,1,0,"U"
"1927",1,0,0,0,0,0,0,"57.0"
"1928",0,0,0,0,1,0,0,"28.0"
"1929",0,1,0,0,0,0,0,"22.0"
"1930",0,0,0,0,0,1,0,"27.0"
"1931",0,1,0,0,0,0,0,"U"
"1932",0,0,0,0,0,1,0,"31.0"
"1933",0,1,0,0,0,0,0,"37.0"
"1934",0,0,0,0,0,1,0,"U"
"1935",0,0,1,0,0,0,0,"U"
"1936",0,0,0,0,0,1,0,"U"
"1937",0,0,0,0,0,1,0,"U"
"1938",0,0,0,0,0,1,0,"31.0"
"1939",0,0,0,1,0,0,0,"U"
"1940",1,0,0,0,0,0,0,"U"
"1941",0,0,0,0,0,1,0,"U"
"1942",0,0,0,1,0,0,0,"U"
"1943",0,3,0,0,1,0,0,"U"
"1944",0,1,0,0,0,0,0,"47.0"
"1945",0,0,0,0,0,1,0,"31.0"
"1946",1,1,0,0,0,0,0,"30-39"
"1947",0,0,0,0,0,1,0,"U"
"1948",1,0,0,0,0,0,0,"19.0"
"1949",0,0,0,0,1,0,0,"22.0"
"1950",1,0,0,0,0,0,0,"18.0"
"1951",0,0,0,0,0,1,0,"U"
"1952",0,1,0,0,0,0,0,"25.0"
"1953",0,0,0,0,0,1,0,"U"
"1954",0,1,0,0,0,0,0,"U"
"1955",1,0,0,0,0,0,0,"U"
"1956",0,1,0,0,0,0,0,"14.0"
"1957",0,0,0,0,0,1,0,"U"
"1958",0,1,0,0,0,0,0,"U"
"1959",0,0,0,0,0,1,0,"U"
"1960",0,1,0,0,0,0,0,"U"
"1961",0,0,0,0,0,1,0,"22.0"
"1962",0,0,0,0,0,1,0,"23.0"
"1963",0,1,0,0,0,0,0,"30.0"
"1964",1,0,0,0,0,0,0,"52.0"
"1965",0,0,0,0,0,1,0,"47.0"
"1966",0,0,0,0,0,1,0,"U"
"1967",0,0,0,0,0,1,0,"55.0"
"1968",0,1,0,0,0,0,0,"10.0"
"1969",0,1,0,0,0,0,0,"U"
"1970",0,1,0,0,0,0,0,"33.0"
"1971",0,0,0,0,1,0,0,"35.0"
"1972",0,0,0,1,0,0,0,"U"
"1973",0,1,0,0,0,0,0,"17.0"
"1974",0,1,0,0,0,0,0,"U"
"1975",0,1,0,1,0,0,0,"10.0"
"1976",0,1,0,0,0,0,0,"U"
"1977",0,0,0,1,0,0,0,"U"
"1978",0,1,0,0,0,0,0,"54.0"
"1979",0,0,0,0,0,1,0,"39.0"
"1980",0,0,0,0,0,1,0,"23.0"
"1981",0,1,0,0,0,0,0,"20.0"
"1982",0,0,0,0,0,1,0,"U"
"1983",0,0,0,0,0,1,0,"27.0"
"1984",0,0,0,0,0,1,0,"30.0"
"1985",0,0,0,0,0,1,0,"26.0"
"1986",0,0,0,0,0,1,0,"U"
"1987",0,0,1,0,0,0,0,"U"
"1988",0,0,0,0,0,1,0,"U"
"1989",0,2,0,0,2,0,0,"U"
"1990",1,0,0,0,0,0,0,"U"
"1991",0,1,0,0,0,0,0,"25.0"
"1992",3,3,0,0,0,0,0,"U"
"1993",0,0,0,0,0,1,0,"U"
"1994",0,0,0,0,0,1,0,"U"
"1995",0,0,0,0,0,1,0,"22.0"
"1996",1,0,0,0,0,0,0,"U"
"1997",0,1,0,0,0,0,0,"34.0"
"1998",0,0,0,0,0,1,0,"U"
"1999",1,1,0,0,0,0,0,"25.0"
"2000",0,0,0,0,0,1,0,"U"
"2001",0,1,0,2,0,0,0,"26.0"
"2002",0,0,0,0,0,1,0,"U"
"2003",0,1,0,0,0,0,0,"U"
"2004",0,1,0,0,0,0,0,"33.0"
"2005",0,0,0,0,0,1,0,"20.0"
"2006",0,0,0,0,0,1,0,"U"
"2007",0,0,0,1,0,0,0,"U"
"2008",1,0,0,0,0,0,0,"27.0"
"2009",0,0,0,0,1,0,0,"26.0"
"2010",0,1,0,0,0,0,0,"U"
"2011",0,0,0,0,0,1,0,"U"
"2012",0,0,0,0,0,1,0,"U"
"2013",0,0,1,2,0,0,0,"62.0"
"2014",1,1,0,0,0,0,0,"25.0"
"2015",0,0,0,0,0,1,0,"U"
"2016",0,0,0,0,0,1,0,"23.0"
"2017",0,1,0,0,0,0,0,"U"
"2018",0,0,0,1,0,0,0,"U"
"2019",1,0,0,0,0,0,0,"22.0"
"2020",0,1,0,0,0,0,0,"U"
"2021",0,0,0,0,0,1,0,"U"
"2022",0,0,0,0,0,1,0,"41.0"
"2023",1,1,0,0,1,0,0,"25.0"
"2024",0,0,0,0,0,1,0,"U"
"2025",0,0,0,0,0,1,0,"U"
"2026",0,0,0,0,0,1,0,"19.0"
"2027",0,0,0,0,0,1,0,"19.0"
"2028",0,1,0,0,0,0,0,"U"
"2029",0,0,0,0,1,0,0,"38.0"
"2030",0,0,0,1,0,0,0,"U"
"2031",0,0,0,0,1,0,0,"23.0"
"2032",0,1,0,0,0,0,0,"U"
"2033",0,0,0,0,0,1,0,"U"
"2034",0,1,0,0,0,0,0,"30.0"
"2035",0,0,0,0,0,1,0,"U"
"2036",0,1,0,0,0,0,0,"34.0"
"2037",1,0,0,0,0,0,0,"U"
"2038",0,1,0,0,0,0,0,"42.0"
"2039",0,1,0,0,0,0,0,"17.0"
"2040",0,0,0,0,0,1,0,"U"
"2041",0,1,0,0,0,0,0,"U"
"2042",0,0,0,0,1,0,0,"U"
"2043",0,1,0,0,0,0,0,"17.0"
"2044",1,0,0,0,0,0,0,"U"
"2045",0,0,0,1,0,0,0,"19.0"
"2046",1,0,0,0,0,0,0,"U"
"2047",0,1,0,0,0,0,0,"U"
"2048",0,1,0,0,0,0,0,"30-39"
"2049",1,0,0,0,4,0,0,"U"
"2050",0,1,0,0,0,0,0,"24.0"
"2051",1,0,0,0,0,0,0,"15.0"
"2052",0,0,0,1,0,0,0,"25.0"
"2053",0,1,0,0,0,0,0,"U"
"2054",0,0,0,0,0,1,0,"49.0"
"2055",0,0,0,0,0,1,0,"U"
"2056",0,0,0,0,3,0,0,"50.0"
"2057",0,1,0,0,0,0,0,"U"
"2058",0,0,0,0,0,1,0,"U"
"2059",0,0,0,0,0,1,0,"U"
"2060",0,0,0,0,1,0,0,"25.0"
"2061",0,0,0,0,0,1,0,"U"
"2062",0,1,0,0,0,0,0,"U"
"2063",0,1,0,0,0,0,0,"18.0"
"2064",0,1,0,0,0,0,0,"U"
"2065",0,0,0,0,0,1,0,"37.0"
"2066",0,0,0,1,0,0,0,"48.0"
"2067",0,0,0,0,0,1,0,"U"
"2068",0,1,0,0,0,0,0,"25.0"
"2069",0,0,0,0,0,1,0,"30.0"
"2070",1,2,0,0,0,0,0,"U"
"2071",0,0,0,1,0,0,0,"20.0"
"2072",0,0,0,0,0,1,0,"U"
"2073",0,1,0,1,0,0,0,"31.0"
"2074",0,1,0,0,0,0,0,"U"
"2075",0,1,0,0,0,0,0,"19.0"
"2076",0,0,0,0,0,1,0,"41.0"
"2077",0,0,0,0,0,1,0,"U"
"2078",0,1,0,1,0,0,0,"U"
"2079",0,1,0,0,0,0,0,"23.0"
"2080",1,0,0,0,0,0,0,"17.0"
"2081",0,1,0,0,0,0,0,"45.0"
"2082",0,1,0,0,0,0,0,"U"
"2083",0,1,0,0,0,0,0,"24.0"
"2084",0,0,0,0,0,1,0,"U"
"2085",0,1,0,0,0,0,0,"U"
"2086",1,0,0,0,0,0,0,"U"
"2087",0,0,0,0,0,1,0,"U"
"2088",0,0,0,0,0,1,0,"U"
"2089",0,0,0,0,0,1,0,"47.0"
"2090",0,1,0,0,0,0,0,"U"
"2091",1,0,0,0,0,0,0,"22.0"
"2092",0,1,0,0,0,0,0,"U"
"2093",0,0,0,0,0,1,0,"U"
"2094",0,0,0,0,0,1,0,"U"
"2095",0,0,0,0,0,1,0,"U"
"2096",0,0,0,1,0,0,0,"U"
"2097",1,1,0,0,0,0,0,"51.0"
"2098",0,0,0,1,0,0,0,"24.0"
"2099",0,0,0,0,1,0,0,"24.0"
"2100",0,1,0,0,0,0,0,"U"
"2101",0,0,0,0,0,1,0,"U"
"2102",0,0,0,0,1,0,0,"U"
"2103",0,0,0,0,0,1,0,"U"
"2104",0,1,0,1,0,0,0,"47.0"
"2105",0,0,0,0,0,1,0,"U"
"2106",0,1,0,0,1,0,0,"25.0"
"2107",1,0,0,0,0,0,0,"U"
"2108",0,1,0,0,0,0,0,"45.0"
"2109",1,0,0,0,0,0,0,"27.0"
"2110",1,0,0,0,0,0,0,"U"
"2111",0,0,0,0,0,1,0,"U"
"2112",0,0,0,0,1,0,0,"U"
"2113",0,1,0,0,0,0,0,"U"
"2114",0,1,0,0,0,0,0,"U"
"2115",0,0,0,0,0,1,0,"U"
"2116",0,0,0,0,0,1,0,"U"
"2117",0,0,0,0,0,1,0,"42.0"
"2118",0,1,0,0,0,0,0,"U"
"2119",0,1,0,1,0,0,0,"33.0"
"2120",0,1,0,0,0,0,0,"20.0"
"2121",0,0,0,0,0,1,0,"U"
"2122",0,1,0,0,0,0,0,"20.0"
"2123",0,0,0,0,0,1,0,"U"
"2124",0,1,0,0,0,0,0,"U"
"2125",0,0,0,0,0,1,0,"25.0"
"2126",0,0,0,0,0,1,0,"28.0"
"2127",0,0,0,1,0,0,0,"U"
"2128",0,0,0,0,0,1,0,"U"
"2129",1,0,0,0,0,0,0,"U"
"2130",0,0,0,0,0,1,0,"U"
"2131",0,0,0,0,0,1,0,"U"
"2132",0,1,0,0,0,0,0,"28.0"
"2133",1,4,0,0,0,0,0,"34.0"
"2134",1,0,0,0,0,0,0,"42.0"
"2135",0,0,0,0,0,1,0,"U"
"2136",1,0,0,0,0,0,0,"U"
"2137",0,0,0,1,0,0,0,"50.0"
"2138",0,1,1,0,0,2,0,"U"
"2139",0,1,0,0,0,0,0,"29.0"
"2140",0,0,0,1,0,0,0,"31.0"
"2141",0,1,0,0,0,0,0,"35.0"
"2142",0,1,0,0,0,0,0,"15.0"
"2143",0,1,0,1,0,0,0,"U"
"2144",0,1,0,0,1,0,0,"28.0"
"2145",0,0,0,0,0,1,0,"U"
"2146",0,0,0,1,0,0,0,"U"
"2147",0,1,0,0,0,0,0,"U"
"2148",0,0,0,0,0,1,0,"U"
"2149",0,0,1,0,0,0,0,"U"
"2150",0,0,0,0,0,1,0,"47.0"
"2151",0,0,0,0,0,1,0,"49.0"
"2152",1,0,0,0,0,0,0,"30-39"
"2153",0,0,1,0,0,0,0,"U"
"2154",0,1,0,0,0,0,0,"15.0"
"2155",0,0,0,0,0,1,0,"18.0"
"2156",0,0,0,0,0,1,0,"U"
"2157",0,0,1,0,0,0,0,"20.0"
"2158",0,2,1,0,0,0,0,"31.0"
"2159",0,0,0,0,0,1,0,"U"
"2160",0,1,0,0,0,0,0,"U"
"2161",0,0,0,0,0,1,0,"31.0"
"2162",0,0,0,0,0,1,0,"41.0"
"2163",0,0,0,0,0,1,0,"U"
"2164",0,0,0,0,0,1,0,"36.0"
"2165",0,0,0,0,1,0,0,"19.0"
"2166",0,1,0,0,0,0,0,"34.0"
"2167",1,0,0,0,0,0,0,"U"
"2168",0,0,0,0,0,1,0,"U"
"2169",0,0,0,0,0,1,0,"U"
"2170",0,0,0,0,0,1,0,"42.0"
"2171",0,1,0,0,0,0,0,"U"
"2172",0,0,0,0,0,1,0,"34.0"
"2173",1,0,0,0,0,0,0,"U"
"2174",0,0,0,0,0,1,0,"U"
"2175",0,1,0,0,0,0,0,"U"
"2176",1,0,0,0,0,0,0,"22.0"
"2177",0,1,0,0,0,0,0,"21.0"
"2178",0,0,0,0,1,0,0,"22.0"
"2179",0,0,0,0,0,1,0,"U"
"2180",1,1,0,0,0,0,0,"U"
"2181",0,1,0,0,0,0,0,"24.0"
"2182",0,0,0,0,0,1,0,"U"
"2183",0,1,0,0,0,0,0,"U"
"2184",0,0,0,1,0,0,0,"U"
"2185",0,0,0,0,1,0,0,"16.0"
"2186",0,1,0,0,0,0,0,"U"
"2187",0,0,0,0,0,0,1,"U"
"2188",0,1,0,0,0,0,0,"U"
"2189",0,1,0,0,0,0,0,"34.0"
"2190",0,0,0,0,0,1,0,"34.0"
"2191",0,1,0,0,0,0,0,"31.0"
"2192",0,0,0,1,0,0,0,"42.0"
"2193",0,0,0,3,0,0,1,"U"
"2194",0,0,0,0,0,1,0,"U"
"2195",0,0,0,1,0,0,0,"U"
"2196",0,1,0,0,0,0,0,"18.0"
"2197",0,1,0,0,0,0,0,"17.0"
"2198",0,0,0,0,0,1,0,"U"
"2199",0,1,0,0,0,0,0,"U"
"2200",0,0,0,1,0,0,0,"U"
"2201",0,0,0,0,0,1,0,"U"
"2202",0,1,0,0,0,0,0,"31.0"
"2203",0,1,0,0,0,0,0,"U"
"2204",0,0,0,0,0,1,0,"U"
"2205",0,5,3,5,0,0,0,"U"
"2206",0,0,0,0,0,1,0,"U"
"2207",0,1,0,0,1,0,0,"U"
"2208",0,0,0,1,0,0,0,"U"
"2209",0,0,0,0,0,1,0,"U"
"2210",0,0,0,0,0,1,0,"40.0"
"2211",0,0,0,0,0,1,0,"23.0"
"2212",0,1,0,0,0,0,0,"U"
"2213",0,2,0,0,1,0,0,"U"
"2214",1,0,0,0,0,0,0,"U"
"2215",0,1,0,0,0,0,0,"25.0"
"2216",1,0,0,0,0,0,0,"43.0"
"2217",1,0,0,0,0,0,0,"U"
"2218",0,1,0,0,0,0,0,"U"
"2219",0,0,0,0,0,1,0,"U"
"2220",0,0,0,1,0,0,0,"19.0"
"2221",0,0,0,0,1,0,0,"34.0"
"2222",0,0,0,0,0,1,0,"U"
"2223",0,0,0,0,0,1,0,"26.0"
"2224",1,0,0,0,0,0,0,"20.0"
"2225",0,0,0,0,0,1,0,"49.0"
"2226",0,0,0,0,0,1,0,"U"
"2227",0,0,0,0,0,1,0,"U"
"2228",0,0,0,0,0,1,0,"U"
"2229",0,0,0,0,0,1,0,"46.0"
"2230",0,1,0,0,0,0,0,"15.0"
"2231",0,2,0,0,1,0,0,"U"
"2232",0,0,0,0,0,1,0,"U"
"2233",0,0,0,0,0,1,0,"U"
"2234",0,0,0,0,0,1,0,"U"
"2235",0,1,0,0,0,0,0,"19.0"
"2236",0,0,0,0,0,1,0,"U"
"2237",0,0,0,0,0,1,0,"U"
"2238",0,1,0,0,0,0,0,"24.0"
"2239",0,1,0,0,0,0,0,"25.0"
"2240",0,1,0,0,0,0,0,"21.0"
"2241",0,0,0,0,1,0,0,"U"
"2242",0,1,0,0,1,4,0,"33.0"
"2243",0,0,0,0,0,1,0,"U"
"2244",1,0,0,0,0,0,0,"U"
"2245",0,0,0,0,0,1,0,"U"
"2246",0,0,0,0,0,1,0,"U"
"2247",0,0,0,0,0,1,0,"U"
"2248",0,0,1,0,1,0,0,"10.0"
"2249",0,0,0,0,0,1,0,"21.0"
"2250",0,3,0,1,0,0,0,"21.0"
"2251",0,0,0,0,0,1,0,"23.0"
"2252",0,0,0,0,0,1,0,"U"
"2253",0,0,0,0,0,1,0,"U"
"2254",0,0,0,0,0,1,0,"U"
"2255",0,1,0,0,4,0,0,"35.0"
"2256",0,0,0,0,0,1,0,"31.0"
"2257",0,0,0,0,1,0,0,"U"
"2258",0,0,0,1,0,0,0,"U"
"2259",0,0,0,0,0,1,0,"U"
"2260",0,1,0,0,0,0,0,"25.0"
"2261",0,0,0,0,0,1,0,"U"
"2262",0,0,0,0,1,0,0,"22.0"
"2263",0,2,0,1,0,0,0,"U"
"2264",0,1,0,0,0,0,0,"28.0"
"2265",0,0,0,0,0,1,0,"U"
"2266",0,0,0,0,0,1,0,"U"
"2267",0,0,0,1,0,0,0,"U"
"2268",0,0,0,0,0,1,0,"U"
"2269",0,0,0,0,0,1,0,"U"
"2270",1,1,0,0,3,0,0,"U"
"2271",1,0,0,0,0,0,0,"U"
"2272",0,0,0,0,0,1,0,"U"
"2273",0,0,0,0,0,1,0,"20.0"
"2274",0,1,0,0,0,0,0,"U"
"2275",1,0,0,0,0,0,0,"19.0"
"2276",0,0,0,0,0,1,0,"U"
"2277",1,0,0,0,0,0,0,"24.0"
"2278",0,1,0,0,0,0,0,"21.0"
"2279",0,0,0,0,0,1,0,"U"
"2280",0,0,0,0,0,1,0,"31.0"
"2281",0,1,0,0,0,0,0,"U"
"2282",0,0,0,0,0,1,0,"U"
"2283",0,0,0,0,0,1,0,"33.0"
"2284",0,0,0,0,0,1,0,"21.0"
"2285",0,0,0,0,1,0,0,"40.0"
"2286",0,0,0,0,0,1,0,"U"
"2287",0,0,0,0,0,1,0,"U"
"2288",0,1,0,1,0,0,0,"U"
"2289",0,1,0,0,0,0,0,"35.0"
"2290",0,0,0,0,0,1,0,"37.0"
"2291",0,0,0,0,0,1,0,"U"
"2292",0,1,0,0,0,0,0,"U"
"2293",0,0,0,1,0,0,0,"31.0"
"2294",0,1,0,0,0,0,0,"U"
"2295",0,1,0,0,0,0,0,"26.0"
"2296",0,0,0,0,1,0,0,"58.0"
"2297",1,0,0,0,0,0,0,"U"
"2298",0,0,0,0,0,1,0,"30.0"
"2299",0,0,0,0,0,1,0,"17.0"
"2300",0,0,0,1,0,0,0,"U"
"2301",0,1,0,0,0,0,0,"U"
"2302",0,0,0,0,0,1,0,"38.0"
"2303",0,1,0,0,0,0,0,"40.0"
"2304",0,1,0,0,0,0,0,"25.0"
"2305",0,0,0,0,0,1,0,"46.0"
"2306",0,1,0,0,0,0,0,"44.0"
"2307",0,0,0,0,0,1,0,"48.0"
"2308",0,1,0,0,0,0,0,"23.0"
"2309",0,0,1,0,0,1,0,"27.0"
"2310",0,0,0,0,0,1,0,"U"
"2311",0,1,0,0,0,0,0,"U"
"2312",0,0,0,0,0,1,0,"56.0"
"2313",0,1,0,0,0,0,0,"36.0"
"2314",0,0,0,1,0,0,0,"U"
"2315",0,0,0,0,0,1,0,"28.0"
"2316",0,1,0,0,0,0,0,"U"
"2317",0,0,0,0,0,1,0,"U"
"2318",0,1,0,0,0,0,0,"35.0"
"2319",0,0,0,0,0,1,0,"U"
"2320",0,0,0,1,0,0,0,"U"
"2321",0,0,0,0,0,1,0,"U"
"2322",1,0,0,0,0,0,0,"U"
"2323",0,1,0,0,0,0,0,"U"
"2324",0,0,0,0,0,1,0,"U"
"2325",0,0,0,1,0,0,0,"U"
"2326",0,1,0,0,0,0,0,"20.0"
"2327",0,0,0,0,0,1,0,"25.0"
"2328",1,0,0,0,0,0,0,"47.0"
"2329",0,0,0,0,0,1,0,"19.0"
"2330",0,1,0,0,0,0,0,"24.0"
"2331",0,1,0,0,0,0,0,"30.0"
"2332",0,1,0,0,0,0,0,"U"
"2333",1,0,0,0,0,0,0,"17.0"
"2334",0,0,0,0,1,0,0,"U"
"2335",0,0,0,0,0,1,0,"U"
"2336",0,1,0,1,0,0,0,"U"
"2337",0,1,1,0,0,0,0,"25.0"
"2338",0,1,0,0,1,0,0,"U"
"2339",0,1,0,0,0,0,0,"25.0"
"2340",0,0,0,0,0,1,0,"22.0"
"2341",0,1,0,0,0,0,0,"44.0"
"2342",0,1,0,0,0,0,0,"25.0"
"2343",0,1,0,0,0,0,0,"49.0"
"2344",0,1,0,0,0,0,0,"34.0"
"2345",0,0,0,0,0,1,0,"35.0"
"2346",0,0,0,0,0,1,0,"U"
"2347",1,0,0,0,0,0,0,"U"
"2348",0,1,0,0,0,0,0,"23.0"
"2349",0,0,0,0,0,1,0,"U"
"2350",0,1,0,0,0,0,0,"37.0"
"2351",0,0,0,0,0,1,0,"39.0"
"2352",0,4,1,8,0,0,0,"U"
"2353",0,1,0,0,0,0,0,"29.0"
"2354",0,0,0,0,1,0,0,"20.0"
"2355",0,0,0,0,0,1,0,"U"
"2356",0,0,0,0,0,1,0,"49.0"
"2357",0,1,0,0,0,0,0,"U"
"2358",0,1,0,0,0,0,0,"U"
"2359",0,0,0,0,0,1,0,"31.0"
"2360",0,1,0,0,0,0,0,"U"
"2361",0,0,0,0,0,1,0,"21.0"
"2362",0,0,0,0,0,1,0,"U"
"2363",0,0,0,0,0,1,0,"U"
"2364",0,1,0,0,0,0,0,"U"
"2365",0,1,0,0,0,0,0,"20.0"
"2366",0,1,0,0,0,0,1,"U"
"2367",0,1,0,0,0,0,0,"21.0"
"2368",0,0,0,0,1,0,0,"U"
"2369",0,1,0,0,0,0,0,"17.0"
"2370",0,0,0,0,0,1,0,"U"
"2371",0,2,0,0,1,0,0,"28.0"
"2372",0,10,0,2,0,0,0,"21.0"
"2373",0,1,0,0,0,0,0,"U"
"2374",0,1,0,0,0,0,0,"47.0"
"2375",0,0,0,0,0,1,0,"24.0"
"2376",0,1,0,0,0,0,0,"46.0"
"2377",0,0,0,1,0,0,0,"U"
"2378",0,0,0,0,0,1,0,"16.0"
"2379",0,1,0,0,0,0,0,"17.0"
"2380",1,0,0,0,0,0,0,"U"
"2381",0,1,0,0,1,0,0,"U"
"2382",0,0,0,0,1,0,0,"29.0"
"2383",0,1,0,0,0,0,0,"U"
"2384",0,1,0,0,0,0,0,"25.0"
"2385",0,1,0,0,0,0,0,"32.0"
"2386",0,0,0,0,0,1,0,"30.0"
"2387",0,0,0,0,0,1,0,"U"
"2388",0,0,0,1,0,0,0,"U"
"2389",0,0,0,0,0,1,0,"22.0"
"2390",0,1,0,1,0,0,0,"U"
"2391",0,0,0,0,0,1,0,"29.0"
"2392",0,0,0,0,1,0,0,"U"
"2393",1,0,0,0,0,0,0,"27.0"
"2394",0,3,0,0,2,0,0,"30-39"
"2395",0,0,0,0,0,1,0,"19.0"
"2396",0,1,0,0,0,0,0,"25.0"
"2397",0,0,0,0,0,1,0,"44.0"
"2398",0,1,0,0,0,0,0,"16.0"
"2399",0,1,0,1,0,0,0,"32.0"
"2400",1,0,0,0,0,0,0,"U"
"2401",0,0,0,0,0,1,0,"25.0"
"2402",0,0,0,0,0,1,0,"U"
"2403",0,0,0,0,0,1,0,"58.0"
"2404",0,0,0,0,2,0,0,"U"
"2405",0,1,0,0,2,0,0,"16.0"
"2406",0,0,0,0,1,0,0,"12.0"
"2407",0,1,0,0,0,0,0,"U"
"2408",1,0,0,0,0,0,0,"U"
"2409",1,0,0,0,0,0,0,"22.0"
"2410",1,0,0,0,0,0,0,"25.0"
"2411",0,0,0,0,0,1,0,"U"
"2412",1,0,0,1,0,0,0,"46.0"
"2413",0,1,0,0,0,0,0,"29.0"
"2414",1,0,0,1,0,0,0,"U"
"2415",0,1,0,0,0,0,0,"U"
"2416",0,1,1,0,0,0,0,"U"
"2417",0,1,0,0,0,0,0,"57.0"
"2418",0,1,0,0,0,0,0,"23.0"
"2419",0,1,0,0,0,0,0,"27.0"
"2420",0,0,0,0,0,1,0,"U"
"2421",1,0,0,0,0,0,0,"35.0"
"2422",0,0,0,0,0,1,0,"U"
"2423",0,1,0,0,0,0,0,"25.0"
"2424",0,1,0,1,0,0,0,"37.0"
"2425",0,0,0,1,0,0,0,"U"
"2426",0,1,1,0,0,0,0,"32.0"
"2427",0,0,0,0,0,1,0,"U"
"2428",0,0,0,0,0,1,0,"U"
"2429",1,0,0,0,0,0,0,"25.0"
"2430",0,0,0,0,1,0,0,"24.0"
"2431",0,1,0,0,0,0,0,"U"
"2432",0,0,0,0,0,1,0,"U"
"2433",0,0,0,0,0,1,0,"24.0"
"2434",0,0,0,0,0,1,0,"U"
"2435",0,0,1,0,0,0,0,"U"
"2436",0,0,0,0,0,1,0,"38.0"
"2437",0,1,0,0,0,0,0,"42.0"
"2438",0,0,0,0,0,1,0,"U"
"2439",0,0,0,0,0,1,0,"U"
"2440",0,1,0,0,0,0,0,"25.0"
"2441",0,0,0,1,0,0,0,"21.0"
"2442",0,1,0,0,0,0,0,"U"
"2443",0,0,0,0,0,1,0,"U"
"2444",0,0,0,0,0,1,0,"U"
"2445",0,0,0,0,0,1,0,"U"
"2446",0,0,0,0,0,1,0,"U"
"2447",0,1,0,0,0,0,0,"26.0"
"2448",0,0,0,0,0,1,0,"U"
"2449",0,1,0,0,0,0,0,"U"
"2450",0,1,0,0,0,0,0,"U"
"2451",0,0,0,1,0,0,0,"U"
"2452",1,0,0,0,0,0,0,"17.0"
"2453",0,0,0,0,0,1,0,"17.0"
"2454",0,0,0,0,0,1,0,"U"
"2455",0,0,0,0,0,1,0,"38.0"
"2456",0,1,0,0,0,0,0,"U"
"2457",0,0,0,0,0,1,0,"21.0"
"2458",0,1,0,0,0,0,0,"U"
"2459",1,0,0,0,0,0,0,"24.0"
"2460",0,0,0,0,0,1,0,"U"
"2461",0,0,0,1,0,0,0,"U"
"2462",0,1,0,0,0,0,0,"U"
"2463",0,1,0,0,0,0,0,"25.0"
"2464",0,1,0,3,0,0,0,"U"
"2465",0,1,0,0,0,0,0,"U"
"2466",0,1,0,0,0,0,0,"U"
"2467",0,0,0,0,0,1,0,"27.0"
"2468",0,0,0,0,0,1,0,"41.0"
"2469",0,0,0,0,0,1,0,"U"
"2470",1,1,0,0,0,0,0,"21.0"
"2471",0,0,0,0,1,0,0,"45.0"
"2472",0,1,0,0,0,0,0,"29.0"
"2473",1,0,0,0,0,0,0,"25.0"
"2474",0,1,0,0,0,0,0,"25.0"
"2475",0,1,0,0,0,0,0,"26.0"
"2476",0,0,0,0,0,1,0,"U"
"2477",0,0,0,0,0,1,0,"U"
"2478",0,0,0,0,0,1,0,"U"
"2479",0,0,0,0,0,1,0,"32.0"
"2480",0,0,0,0,0,1,0,"40.0"
"2481",0,0,0,0,0,1,0,"34.0"
"2482",0,0,0,0,0,1,0,"33.0"
"2483",0,1,0,0,0,0,0,"U"
"2484",0,0,0,1,0,0,0,"U"
"2485",0,0,0,0,0,1,0,"21.0"
"2486",0,1,0,0,0,0,0,"17.0"
"2487",0,0,0,0,0,1,0,"U"
"2488",1,1,0,0,0,0,0,"U"
"2489",0,0,0,0,1,0,0,"U"
"2490",0,0,0,0,0,1,0,"U"
"2491",0,1,0,0,0,0,0,"36.0"
"2492",0,0,0,0,0,1,0,"U"
"2493",0,0,0,0,0,1,0,"U"
"2494",1,0,0,0,0,0,0,"31.0"
"2495",1,0,0,0,0,0,0,"U"
"2496",0,0,0,0,0,1,0,"34.0"
"2497",0,0,0,0,0,1,0,"65.0"
"2498",0,1,0,0,0,0,0,"46.0"
"2499",0,1,0,0,0,0,0,"U"
"2500",0,3,1,5,0,0,0,"U"
"2501",0,1,0,0,0,0,0,"23.0"
"2502",0,1,0,0,0,0,0,"20.0"
"2503",0,0,0,0,0,1,0,"U"
"2504",0,1,0,0,0,0,0,"25.0"
"2505",2,4,0,1,0,0,0,"39.0"
"2506",0,0,0,0,0,1,0,"U"
"2507",0,1,0,0,0,0,0,"25.0"
"2508",0,1,0,0,0,0,0,"25.0"
"2509",0,1,0,0,0,0,0,"25.0"
"2510",0,0,0,0,0,1,0,"17.0"
"2511",0,1,0,0,0,0,0,"U"
"2512",0,0,0,0,0,1,0,"U"
"2513",0,1,0,0,0,0,0,"69.0"
"2514",0,0,0,1,0,0,0,"36.0"
"2515",0,1,0,0,0,0,0,"33.0"
"2516",0,0,0,0,0,1,0,"U"
"2517",0,0,0,0,1,0,0,"25.0"
"2518",1,0,0,0,0,0,0,"U"
"2519",0,0,0,0,0,1,0,"U"
"2520",0,0,0,0,0,1,0,"35.0"
"2521",1,1,0,0,0,0,0,"U"
"2522",1,0,0,0,0,0,0,"U"
"2523",0,1,0,0,0,0,0,"25.0"
"2524",0,0,0,0,1,0,0,"U"
"2525",0,0,0,0,0,1,0,"18.0"
"2526",0,0,0,0,0,1,0,NA
"2527",1,0,0,0,0,0,0,"37.0"
"2528",0,0,0,0,0,1,0,"43.0"
"2529",0,1,0,0,0,0,0,"53.0"
"2530",0,0,0,1,0,0,0,"51.0"
"2531",0,1,0,1,0,0,0,"U"
"2532",0,0,0,0,0,1,0,"U"
"2533",0,0,0,0,0,1,0,"U"
"2534",0,0,0,0,0,1,0,"U"
"2535",0,1,0,0,0,0,0,"U"
"2536",0,0,0,0,0,1,0,"26.0"
"2537",0,0,0,0,0,1,0,"U"
"2538",0,1,0,0,0,0,0,"24.0"
"2539",0,0,0,0,0,1,0,"U"
"2540",0,0,0,0,0,1,0,"67.0"
"2541",0,0,0,0,0,1,0,"U"
"2542",0,1,0,0,0,0,0,"31.0"
"2543",0,0,0,0,0,1,0,"U"
"2544",0,0,0,0,0,1,0,"46.0"
"2545",0,0,0,0,0,1,0,"18.0"
"2546",0,0,0,0,0,1,0,"35.0"
"2547",0,0,0,0,0,1,0,"61.0"
"2548",0,1,0,0,0,0,0,"U"
"2549",0,0,0,0,0,1,0,"52.0"
"2550",0,0,0,0,1,0,0,"23.0"
"2551",0,0,0,0,0,1,0,"U"
"2552",1,1,0,0,0,0,0,"U"
"2553",1,0,0,0,0,0,0,"40.0"
"2554",0,0,0,0,0,1,0,"U"
"2555",0,0,0,0,0,1,0,"U"
"2556",0,1,0,0,1,0,0,"18.0"
"2557",0,0,0,0,0,1,0,"23.0"
"2558",0,1,0,0,0,0,0,"37.0"
"2559",0,0,0,1,0,0,0,"U"
"2560",1,0,0,0,0,0,0,"23.0"
"2561",0,2,0,0,1,0,0,"U"
"2562",1,0,0,0,0,0,0,"27.0"
"2563",0,0,0,0,0,1,0,"16.0"
"2564",0,1,0,0,0,0,0,"U"
"2565",0,0,0,0,0,1,0,"U"
"2566",0,3,0,1,0,0,0,"47.0"
"2567",0,1,0,0,0,0,0,"28.0"
"2568",0,0,0,0,0,1,0,"U"
"2569",0,0,0,0,0,1,0,"U"
"2570",0,0,0,0,0,1,0,"U"
"2571",1,0,0,0,0,0,0,"U"
"2572",0,1,0,7,0,0,0,"33.0"
"2573",0,0,0,0,0,1,0,"U"
"2574",0,0,0,0,0,1,0,"U"
"2575",1,0,0,0,0,0,0,"25.0"
"2576",0,0,0,0,0,1,0,"U"
"2577",0,0,0,1,0,0,0,"31.0"
"2578",0,0,0,0,0,1,0,"U"
"2579",1,0,0,0,0,0,0,"U"
"2580",1,0,0,0,0,0,0,"U"
"2581",0,0,0,0,0,1,0,"55.0"
"2582",0,1,0,0,0,0,0,"38.0"
"2583",2,0,0,0,1,0,0,"U"
"2584",0,0,0,1,0,0,0,"U"
"2585",0,1,0,0,0,0,0,"43.0"
"2586",0,0,1,0,0,0,0,"U"
"2587",0,0,0,0,0,1,0,"23.0"
"2588",0,0,0,0,0,1,0,"U"
"2589",0,0,0,0,0,1,0,"22.0"
"2590",0,0,0,0,0,1,0,"33.0"
"2591",1,0,0,0,0,0,0,"U"
"2592",0,0,0,0,0,1,0,"U"
"2593",0,1,0,0,0,0,0,"U"
"2594",0,1,0,0,0,0,0,"U"
"2595",0,0,0,0,0,1,0,"U"
"2596",0,1,0,0,0,0,0,"U"
"2597",0,0,0,0,0,1,0,"37.0"
"2598",0,0,0,0,0,1,0,"U"
"2599",0,0,0,0,1,0,0,"10.0"
"2600",0,1,0,0,0,0,0,"U"
"2601",0,1,0,0,0,0,0,"27.0"
"2602",0,1,0,0,0,0,0,"21.0"
"2603",0,0,0,0,0,1,0,"U"
"2604",0,1,0,0,0,0,0,"30.0"
"2605",0,0,0,0,0,1,0,"U"
"2606",0,1,0,0,0,0,0,"27.0"
"2607",0,1,0,1,0,0,0,"47.0"
"2608",0,0,0,0,0,1,0,"30.0"
"2609",0,0,0,0,0,1,0,"U"
"2610",0,0,0,0,1,0,0,"30-39"
"2611",0,1,0,0,0,0,0,"U"
"2612",0,0,0,1,0,0,0,"52.0"
"2613",0,0,0,0,0,1,0,"19.0"
"2614",0,0,0,1,0,0,0,"U"
"2615",0,0,0,0,0,1,0,"U"
"2616",0,1,0,0,0,0,0,"U"
"2617",0,1,0,0,0,0,0,"26.0"
"2618",0,1,0,0,0,0,0,"30.0"
"2619",0,0,0,0,0,1,0,"U"
"2620",0,1,0,0,0,0,0,"60.0"
"2621",0,0,0,1,0,0,0,"30.0"
"2622",0,0,0,0,0,1,0,"32.0"
"2623",0,1,0,0,0,0,0,"10.0"
"2624",1,0,0,0,0,0,0,"29.0"
"2625",0,0,0,1,0,0,0,"34.0"
"2626",0,0,0,1,0,0,0,"22.0"
"2627",0,0,0,0,1,0,0,"28.0"
"2628",0,0,0,0,0,1,0,"U"
"2629",0,0,0,0,0,1,0,"U"
"2630",0,1,0,1,0,0,0,"U"
"2631",0,1,0,1,0,0,0,"30.0"
"2632",0,0,0,0,0,1,0,"23.0"
"2633",0,0,0,0,0,1,0,"20.0"
"2634",0,0,1,0,0,0,0,"U"
"2635",0,0,0,0,0,1,0,"22.0"
"2636",0,1,0,0,0,0,0,"21.0"
"2637",0,1,0,0,0,0,0,"28.0"
"2638",0,0,0,0,0,1,0,"26.0"
"2639",1,0,0,0,0,0,0,"16.0"
"2640",1,0,0,0,0,0,0,"U"
"2641",0,1,0,0,0,0,0,"20.0"
"2642",0,0,0,0,0,1,0,"U"
"2643",0,0,0,1,0,0,0,"23.0"
"2644",0,1,0,0,0,0,0,"U"
"2645",0,0,0,0,2,0,0,"U"
"2646",1,0,0,0,0,0,0,"U"
"2647",0,0,0,1,0,0,0,"31.0"
"2648",0,1,0,0,0,0,0,"U"
"2649",0,1,0,0,0,0,0,"55.0"
"2650",0,0,0,0,0,1,0,"51.0"
"2651",0,0,0,0,0,1,0,"23.0"
"2652",0,1,0,0,0,0,0,"39.0"
"2653",0,1,0,0,0,0,0,"U"
"2654",0,0,0,0,0,1,0,"U"
"2655",0,0,0,0,1,0,0,"25.0"
"2656",0,0,0,0,0,1,0,"19.0"
"2657",0,0,0,0,0,1,0,"U"
"2658",1,0,0,0,0,0,0,"25.0"
"2659",0,0,0,0,0,1,0,"U"
"2660",0,1,0,0,0,0,0,"U"
"2661",0,1,0,0,0,0,0,"30.0"
"2662",0,0,0,0,0,1,0,"U"
"2663",1,0,0,0,0,0,0,"19.0"
"2664",0,0,0,0,0,1,0,"U"
"2665",0,1,0,0,0,0,0,"53.0"
"2666",0,1,0,0,0,0,0,"45.0"
"2667",0,1,0,0,0,0,0,"38.0"
"2668",0,0,0,0,0,1,0,"U"
"2669",0,1,0,0,0,0,0,"21.0"
"2670",0,0,0,0,0,1,0,"17.0"
"2671",0,0,0,0,0,1,0,"28.0"
"2672",0,0,0,1,0,0,0,"27.0"
"2673",0,0,0,1,0,0,0,"24.0"
"2674",0,1,0,0,0,0,0,"24.0"
"2675",0,0,0,0,0,1,0,"23.0"
"2676",0,0,0,1,0,0,0,"U"
"2677",0,1,0,0,1,0,0,"41.0"
"2678",0,1,0,0,0,0,0,"10.0"
"2679",0,1,0,0,0,0,0,"45.0"
"2680",0,0,0,1,0,0,0,"U"
"2681",0,0,0,0,0,1,0,"29.0"
"2682",0,0,0,1,0,0,0,"21.0"
"2683",0,0,0,0,0,1,0,"U"
"2684",1,0,0,0,0,0,0,"19.0"
"2685",0,0,0,0,1,0,0,"23.0"
"2686",0,0,0,0,0,1,0,"U"
"2687",0,0,0,0,0,1,0,"U"
"2688",0,0,0,0,0,1,0,"U"
"2689",0,0,0,0,0,1,0,"U"
"2690",0,1,0,0,0,0,0,"20.0"
"2691",0,0,0,0,0,1,0,"21.0"
"2692",0,0,0,0,0,1,0,"28.0"
"2693",0,1,0,0,0,0,0,"18.0"
"2694",0,0,0,0,0,1,0,"U"
"2695",0,0,0,0,0,1,0,"U"
"2696",0,0,0,1,0,0,0,"26.0"
"2697",0,1,0,0,0,0,0,"34.0"
"2698",0,1,0,0,0,0,0,"U"
"2699",0,1,0,0,0,0,0,"31.0"
"2700",1,0,0,0,0,1,0,"U"
"2701",0,1,0,0,0,0,0,"60.0"
"2702",0,1,0,0,0,0,0,"18.0"
"2703",0,0,0,0,0,1,0,"U"
"2704",0,0,0,0,0,1,0,"U"
"2705",0,0,0,1,0,0,0,"21.0"
"2706",0,1,0,0,0,0,0,"24.0"
"2707",0,0,0,0,0,1,0,"U"
"2708",0,1,0,0,0,0,0,"U"
"2709",1,0,0,0,0,0,0,"44.0"
"2710",0,0,0,0,0,1,0,"25.0"
"2711",1,0,0,0,0,0,0,"U"
"2712",0,0,0,0,0,1,0,"U"
"2713",0,2,0,0,1,0,0,"U"
"2714",0,0,0,0,0,1,0,"17.0"
"2715",0,1,0,0,0,0,0,"40.0"
"2716",0,0,0,0,0,1,0,"U"
"2717",0,2,1,0,0,0,0,"26.0"
"2718",0,1,0,0,0,0,0,"10.0"
"2719",0,0,0,0,0,1,0,"U"
"2720",0,0,0,0,0,1,0,"28.0"
"2721",0,0,0,0,0,1,0,"27.0"
"2722",0,0,0,0,0,1,0,"48.0"
"2723",0,2,0,1,0,0,0,"U"
"2724",0,0,0,1,0,0,0,"U"
"2725",0,1,0,0,0,0,0,"30.0"
"2726",0,1,0,0,0,0,0,"U"
"2727",0,1,0,0,0,0,0,"31.0"
"2728",0,0,0,0,0,1,0,"U"
"2729",0,1,0,0,0,0,0,"20.0"
"2730",0,0,0,1,0,0,0,"U"
"2731",0,0,0,0,0,1,0,"U"
"2732",0,1,0,0,0,0,0,"31.0"
"2733",0,0,0,0,0,1,0,"U"
"2734",0,1,0,0,0,0,0,"14.0"
"2735",0,1,0,0,0,0,0,"37.0"
"2736",0,1,0,0,0,0,0,"51.0"
"2737",0,0,0,0,0,1,0,"61.0"
"2738",0,0,0,0,0,1,0,"24.0"
"2739",1,0,0,0,0,0,0,"43.0"
"2740",0,0,0,0,0,1,0,"U"
"2741",0,0,0,0,0,1,0,"U"
"2742",0,0,0,0,0,1,0,"19.0"
"2743",1,1,0,0,0,0,0,"40.0"
"2744",0,1,0,0,0,0,0,"21.0"
"2745",0,1,0,0,0,0,0,"10.0"
"2746",1,0,0,0,0,0,0,"32.0"
"2747",0,0,0,0,0,1,0,"U"
"2748",0,1,0,0,0,0,0,"29.0"
"2749",0,1,0,0,0,0,0,"27.0"
"2750",0,1,0,0,0,0,0,"U"
"2751",0,0,1,0,0,0,0,"U"
"2752",0,0,0,0,0,1,0,"41.0"
"2753",0,0,0,0,0,1,0,"U"
"2754",0,0,0,0,0,1,0,"U"
"2755",0,0,0,0,2,0,0,"U"
"2756",0,0,0,0,0,1,0,"46.0"
"2757",0,1,0,0,0,0,0,"39.0"
"2758",0,0,0,0,1,0,0,"35.0"
"2759",1,0,0,0,0,1,0,"32.0"
"2760",0,0,0,0,0,1,0,"U"
"2761",0,1,0,0,0,0,0,"28.0"
"2762",0,0,0,0,1,0,0,"37.0"
"2763",0,1,0,0,0,0,0,"25.0"
"2764",0,0,0,0,0,1,0,"U"
"2765",0,1,0,0,0,0,0,"U"
"2766",0,0,0,0,0,1,0,"37.0"
"2767",1,0,0,0,0,0,0,"10.0"
"2768",1,0,0,0,0,0,0,"U"
"2769",0,0,0,0,0,1,0,"U"
"2770",0,1,0,0,0,0,0,"21.0"
"2771",0,0,0,0,0,1,0,"37.0"
"2772",0,0,0,0,1,0,0,"19.0"
"2773",0,0,0,0,0,1,0,"U"
"2774",0,0,0,0,0,1,0,"U"
"2775",1,0,0,0,0,0,0,"44.0"
"2776",1,0,0,0,0,0,0,"50.0"
"2777",0,0,0,0,0,1,0,"27.0"
"2778",0,1,0,0,0,0,0,"25.0"
"2779",0,1,0,1,0,0,0,"U"
"2780",0,0,0,0,2,0,0,"60.0"
"2781",0,1,0,0,0,0,0,"U"
"2782",0,0,0,0,0,1,0,"57.0"
"2783",0,0,0,0,1,0,0,"46.0"
"2784",0,1,0,0,0,1,0,"55.0"
"2785",1,0,0,0,0,0,0,"25.0"
"2786",0,0,0,0,0,1,0,"U"
"2787",0,1,0,0,0,0,0,"U"
"2788",0,0,0,0,1,0,0,"U"
"2789",0,1,0,0,0,0,0,"U"
"2790",0,0,0,0,0,1,0,"U"
"2791",0,0,0,0,0,1,0,"U"
"2792",0,0,0,1,0,0,0,"U"
"2793",0,0,0,1,0,0,0,"U"
"2794",0,0,0,0,0,1,0,"U"
"2795",0,0,0,0,0,1,0,"U"
"2796",0,1,0,0,0,0,0,"26.0"
"2797",0,0,0,1,0,0,0,"10.0"
"2798",0,0,0,0,0,1,0,"U"
"2799",0,0,0,0,0,1,0,"U"
"2800",1,0,0,0,0,0,0,"U"
"2801",0,0,0,0,0,1,0,"20.0"
"2802",1,0,0,0,0,0,0,"25.0"
"2803",0,4,0,2,0,0,0,"U"
"2804",0,0,0,0,0,1,0,"24.0"
"2805",0,0,0,0,0,1,0,"23.0"
"2806",0,0,0,0,0,1,0,"U"
"2807",0,0,0,0,1,0,0,"U"
"2808",0,0,0,0,0,1,0,"U"
"2809",0,0,0,0,0,1,0,"22.0"
"2810",0,0,0,0,0,1,0,"52.0"
"2811",0,0,0,0,0,1,0,"36.0"
